rank,title,views_mn,href,group,subgroup,continent,data_completed,sport,country,time,artist
[a],Main Page,"46,800",/wiki/Main_Page,Top-100 list,,,,,,,
[a],Special:Search,"15,000",/wiki/Special:Search,Top-100 list,,,,,,,
[a],Special:Random,"7,900",/wiki/Special:Random,Top-100 list,,,,,,,
[b],-,"2,900",/wiki/-,Top-100 list,,,,,,,
[a],Undefined,"1,800",/wiki/Undefined,Top-100 list,,,,,,,
[c],United States Senate[18],350,/wiki/United_States_Senate,Top-100 list,,,,,,,
[a],Special:Watchlist,344,/wiki/Special:Watchlist,Top-100 list,,,,,,,
[a],Special:Randompage,314,/wiki/Special:Random,Top-100 list,,,,,,,
[d],YouTube,296,/wiki/YouTube,Top-100 list,,,,,,,
[d],Wiki,277,/wiki/Wiki,Top-100 list,,,,,,,
[d],Facebook,277,/wiki/Facebook,Top-100 list,,,,,,,
1,United States,254,/wiki/United_States,Top-100 list,,,,,,,
2,Donald Trump,243,/wiki/Donald_Trump,Top-100 list,,,,,,,
[c],Wikipedia,228,/wiki/Wikipedia,Top-100 list,,,,,,,
[b],404.php,225,/wiki/404.php,Top-100 list,,,,,,,
[c],xHamster,212,/wiki/XHamster,Top-100 list,,,,,,,
[a],Portal:Current events,208,/wiki/Portal:Current_events,Top-100 list,,,,,,,
3,Elizabeth II,198,/wiki/Elizabeth_II,Top-100 list,,,,,,,
[d],Google,193,/wiki/Google,Top-100 list,,,,,,,
[a],Special:Book,185,/wiki/Special:Book,Top-100 list,,,,,,,
[a],Special:CreateAccount,172,/wiki/Special:CreateAccount,Top-100 list,,,,,,,
4,India,165,/wiki/India,Top-100 list,,,,,,,
5,Barack Obama,161,/wiki/Barack_Obama,Top-100 list,,,,,,,
[a],Search,153,/wiki/Search,Top-100 list,,,,,,,
[c],Bible,153,/wiki/Bible,Top-100 list,,,,,,,
6,Cristiano Ronaldo,151,/wiki/Cristiano_Ronaldo,Top-100 list,,,,,,,
7,World War II,145,/wiki/World_War_II,Top-100 list,,,,,,,
8,United Kingdom,144,/wiki/United_Kingdom,Top-100 list,,,,,,,
9,Michael Jackson,142,/wiki/Michael_Jackson,Top-100 list,,,,,,,
[a],Wikipedia:Your first article,137,/wiki/Wikipedia:Your_first_article,Top-100 list,,,,,,,
10,Elon Musk,135,/wiki/Elon_Musk,Top-100 list,,,,,,,
[a],Special:RecentChanges,135,/wiki/Special:RecentChanges,Top-100 list,,,,,,,
11,Sex,132,/wiki/Sex,Top-100 list,,,,,,,
[e],Cleopatra,132,/wiki/Cleopatra,Top-100 list,,,,,,,
12,Lady Gaga,129,/wiki/Lady_Gaga,Top-100 list,,,,,,,
12,Adolf Hitler,129,/wiki/Adolf_Hitler,Top-100 list,,,,,,,
14,Eminem,127,/wiki/Eminem,Top-100 list,,,,,,,
15,Lionel Messi,125,/wiki/Lionel_Messi,Top-100 list,,,,,,,
16,Game of Thrones,122,/wiki/Game_of_Thrones,Top-100 list,,,,,,,
17,World War I,121,/wiki/World_War_I,Top-100 list,,,,,,,
18,The Beatles,116,/wiki/The_Beatles,Top-100 list,,,,,,,
19,Justin Bieber,114,/wiki/Justin_Bieber,Top-100 list,,,,,,,
20,Canada,113,/wiki/Canada,Top-100 list,,,,,,,
20,Freddie Mercury,113,/wiki/Freddie_Mercury,Top-100 list,,,,,,,
22,Kim Kardashian,111,/wiki/Kim_Kardashian,Top-100 list,,,,,,,
23,Johnny Depp,109,/wiki/Johnny_Depp,Top-100 list,,,,,,,
[a],Creative Commons Attribution,109,/wiki/Wikipedia:Text_of_Creative_Commons_Attribution-ShareAlike_3.0_Unported_License,Top-100 list,,,,,,,
24,Steve Jobs,108,/wiki/Steve_Jobs,Top-100 list,,,,,,,
24,Dwayne Johnson,108,/wiki/Dwayne_Johnson,Top-100 list,,,,,,,
26,Michael Jordan,107,/wiki/Michael_Jordan,Top-100 list,,,,,,,
26,Australia,107,/wiki/Australia,Top-100 list,,,,,,,
28,List of presidents of the United States,104,/wiki/List_of_presidents_of_the_United_States,Top-100 list,,,,,,,
29,The Big Bang Theory,103,/wiki/The_Big_Bang_Theory,Top-100 list,,,,,,,
30,Taylor Swift,102,/wiki/Taylor_Swift,Top-100 list,,,,,,,
[a],Search engine[22],102,/wiki/Search_engine,Top-100 list,,,,,,,
31,Stephen Hawking,101,/wiki/Stephen_Hawking,Top-100 list,,,,,,,
31,List of highest-grossing films,101,/wiki/List_of_highest-grossing_films,Top-100 list,,,,,,,
33,China,100,/wiki/China,Top-100 list,,,,,,,
[a],Portal:Contents,100,/wiki/Portal:Contents,Top-100 list,,,,,,,
[a],XXXX,96,/wiki/XXXX,Top-100 list,,,,,,,
[c],Malware,96,/wiki/Malware,Top-100 list,,,,,,,
34,Russia,96,/wiki/Russia,Top-100 list,,,,,,,
34,New York City,96,/wiki/New_York_City,Top-100 list,,,,,,,
34,Japan,96,/wiki/Japan,Top-100 list,,,,,,,
34,Kanye West,96,/wiki/Kanye_West,Top-100 list,,,,,,,
38,List of Marvel Cinematic Universe films,95,/wiki/List_of_Marvel_Cinematic_Universe_films,Top-100 list,,,,,,,
38,Abraham Lincoln,95,/wiki/Abraham_Lincoln,Top-100 list,,,,,,,
40,LeBron James,94,/wiki/LeBron_James,Top-100 list,,,,,,,
40,Charles III[23],94,/wiki/Charles_III,Top-100 list,,,,,,,
40,Darth Vader,94,/wiki/Darth_Vader,Top-100 list,,,,,,,
40,Star Wars,94,/wiki/Star_Wars,Top-100 list,,,,,,,
40,Miley Cyrus,94,/wiki/Miley_Cyrus,Top-100 list,,,,,,,
40,Germany,94,/wiki/Germany,Top-100 list,,,,,,,
40,September 11 attacks[24],94,/wiki/September_11_attacks,Top-100 list,,,,,,,
47,Leonardo DiCaprio,93,/wiki/Leonardo_DiCaprio,Top-100 list,,,,,,,
48,Kobe Bryant,92,/wiki/Kobe_Bryant,Top-100 list,,,,,,,
48,Selena Gomez,92,/wiki/Selena_Gomez,Top-100 list,,,,,,,
50,Joe Biden,91,/wiki/Joe_Biden,Top-100 list,,,,,,,
50,Tom Cruise,91,/wiki/Tom_Cruise,Top-100 list,,,,,,,
50,Rihanna,91,/wiki/Rihanna,Top-100 list,,,,,,,
50,Albert Einstein,91,/wiki/Albert_Einstein,Top-100 list,,,,,,,
50,Academy Awards,91,/wiki/Academy_Awards,Top-100 list,,,,,,,
55,"Prince Philip, Duke of Edinburgh",90,"/wiki/Prince_Philip,_Duke_of_Edinburgh",Top-100 list,,,,,,,
55,Harry Potter,90,/wiki/Harry_Potter,Top-100 list,,,,,,,
55,Elvis Presley,90,/wiki/Elvis_Presley,Top-100 list,,,,,,,
55,The Walking Dead (TV series),90,/wiki/The_Walking_Dead_(TV_series),Top-100 list,,,,,,,
59,Scarlett Johansson,89,/wiki/Scarlett_Johansson,Top-100 list,,,,,,,
59,Lil Wayne,89,/wiki/Lil_Wayne,Top-100 list,,,,,,,
59,Tupac Shakur,89,/wiki/Tupac_Shakur,Top-100 list,,,,,,,
59,Angelina Jolie,89,/wiki/Angelina_Jolie,Top-100 list,,,,,,,
63,Queen Victoria,88,/wiki/Queen_Victoria,Top-100 list,,,,,,,
63,Jeffrey Dahmer,88,/wiki/Jeffrey_Dahmer,Top-100 list,,,,,,,
65,John F. Kennedy,87,/wiki/John_F._Kennedy,Top-100 list,,,,,,,
65,COVID-19 pandemic[25],87,/wiki/COVID-19_pandemic,Top-100 list,,,,,,,
67,"Diana, Princess of Wales",86,"/wiki/Diana,_Princess_of_Wales",Top-100 list,,,,,,,
67,Marilyn Monroe,86,/wiki/Marilyn_Monroe,Top-100 list,,,,,,,
69,Keanu Reeves,85,/wiki/Keanu_Reeves,Top-100 list,,,,,,,
69,Arnold Schwarzenegger,85,/wiki/Arnold_Schwarzenegger,Top-100 list,,,,,,,
69,How I Met Your Mother,85,/wiki/How_I_Met_Your_Mother,Top-100 list,,,,,,,
69,Chernobyl disaster,85,/wiki/Chernobyl_disaster,Top-100 list,,,,,,,
69,France,85,/wiki/France,Top-100 list,,,,,,,
69,Ariana Grande,85,/wiki/Ariana_Grande,Top-100 list,,,,,,,
75,Jennifer Aniston,84,/wiki/Jennifer_Aniston,Top-100 list,,,,,,,
75,Breaking Bad,84,/wiki/Breaking_Bad,Top-100 list,,,,,,,
77,"Meghan, Duchess of Sussex",83,"/wiki/Meghan,_Duchess_of_Sussex",Top-100 list,,,,,,,
77,Muhammad Ali,83,/wiki/Muhammad_Ali,Top-100 list,,,,,,,
77,Will Smith,83,/wiki/Will_Smith,Top-100 list,,,,,,,
80,Ted Bundy,82,/wiki/Ted_Bundy,Top-100 list,,,,,,,
80,Pablo Escobar,82,/wiki/Pablo_Escobar,Top-100 list,,,,,,,
80,Mila Kunis,82,/wiki/Mila_Kunis,Top-100 list,,,,,,,
80,Vietnam War,82,/wiki/Vietnam_War,Top-100 list,,,,,,,
80,Mark Zuckerberg,82,/wiki/Mark_Zuckerberg,Top-100 list,,,,,,,
85,Manchester United F.C.,81,/wiki/Manchester_United_F.C.,Top-100 list,,,,,,,
85,William Shakespeare,81,/wiki/William_Shakespeare,Top-100 list,,,,,,,
87,Titanic[26],80,/wiki/Titanic,Top-100 list,,,,,,,
87,Tom Brady,80,/wiki/Tom_Brady,Top-100 list,,,,,,,
87,Jay-Z[27],80,/wiki/Jay-Z,Top-100 list,,,,,,,
87,Singapore,80,/wiki/Singapore,Top-100 list,,,,,,,
87,Earth,80,/wiki/Earth,Top-100 list,,,,,,,
87,Bill Gates,80,/wiki/Bill_Gates,Top-100 list,,,,,,,
[a],Wikipedia:Contact us,80,/wiki/Wikipedia:Contact_us,Top-100 list,,,,,,,
93,Winston Churchill,78,/wiki/Winston_Churchill,Top-100 list,,,,,,,
93,Bruce Lee,78,/wiki/Bruce_Lee,Top-100 list,,,,,,,
93,Nicki Minaj,78,/wiki/Nicki_Minaj,Top-100 list,,,,,,,
93,Israel,78,/wiki/Israel,Top-100 list,,,,,,,
97,"Princess Margaret, Countess of Snowdon",77,"/wiki/Princess_Margaret,_Countess_of_Snowdon",Top-100 list,,,,,,,
97,John Cena,77,/wiki/John_Cena,Top-100 list,,,,,,,
97,Charles Manson,77,/wiki/Charles_Manson,Top-100 list,,,,,,,
97,Ryan Reynolds,77,/wiki/Ryan_Reynolds,Top-100 list,,,,,,,
97,Brad Pitt,77,/wiki/Brad_Pitt,Top-100 list,,,,,,,
97,Vladimir Putin,77,/wiki/Vladimir_Putin,Top-100 list,,,,,,,
1,Earth,80,/wiki/Earth,Universe,,,,,,,
2,Sun,40,/wiki/Sun,Universe,,,,,,,
3,Moon,39,/wiki/Moon,Universe,,,,,,,
[a],Skathi (moon),38,/wiki/Skathi_(moon),Universe,,,,,,,
4,Black hole,37,/wiki/Black_hole,Universe,,,,,,,
4,Mars,37,/wiki/Mars,Universe,,,,,,,
6,Solar System,36,/wiki/Solar_System,Universe,,,,,,,
7,Pluto,31,/wiki/Pluto,Universe,,,,,,,
8,Big Bang,30,/wiki/Big_Bang,Universe,,,,,,,
9,Milky Way,26,/wiki/Milky_Way,Universe,,,,,,,
10,Saturn,23,/wiki/Saturn,Universe,,,,,,,
11,Kepler's Supernova,20,/wiki/Kepler%27s_Supernova,Universe,,,,,,,
12,Universe,19,/wiki/Universe,Universe,,,,,,,
13,Dark matter,18,/wiki/Dark_matter,Universe,,,,,,,
14,Galaxy,16,/wiki/Galaxy,Universe,,,,,,,
15,Jupiter,15,/wiki/Jupiter,Universe,,,,,,,
16,Venus,14,/wiki/Venus,Universe,,,,,,,
17,Supernovae,13,/wiki/Supernovae,Universe,,,,,,,
18,Andromeda Galaxy,12,/wiki/Andromeda_Galaxy,Universe,,,,,,,
19,Mercury (planet),10,/wiki/Mercury_(planet),Universe,,,,,,,
20,Neptune,9.5,/wiki/Neptune,Universe,,,,,,,
21,Uranus,9.2,/wiki/Uranus,Universe,,,,,,,
22,Solar eclipse,7.6,/wiki/Solar_eclipse,Universe,,,,,,,
23,Lunar eclipse,7.2,/wiki/Lunar_eclipse,Universe,,,,,,,
24,Dark energy,7.0,/wiki/Dark_energy,Universe,,,,,,,
24,Halley's Comet,7.0,/wiki/Halley%27s_Comet,Universe,,,,,,,
26,Event horizon,6.5,/wiki/Event_horizon,Universe,,,,,,,
27,Titan (moon),6.2,/wiki/Titan_(moon),Universe,,,,,,,
28,Eclipse,5.7,/wiki/Eclipse,Universe,,,,,,,
28,Sirius,5.7,/wiki/Sirius,Universe,,,,,,,
30,Winter solstice,5.4,/wiki/Winter_solstice,Universe,,,,,,,
30,Ceres (dwarf planet),5.4,/wiki/Ceres_(dwarf_planet),Universe,,,,,,,
30,Alpha Centauri,5.4,/wiki/Alpha_Centauri,Universe,,,,,,,
1,Mount Everest,46,/wiki/Mount_Everest,Earth,,,,,,,
2,Bermuda Triangle,44,/wiki/Bermuda_Triangle,Earth,,,,,,,
3,Africa,40,/wiki/Africa,Earth,,,,,,,
4,Hurricane Katrina,36,/wiki/Hurricane_Katrina,Earth,,,,,,,
5,North America,34,/wiki/North_America,Earth,,,,,,,
6,Earthquake,32,/wiki/Earthquake,Earth,,,,,,,
7,Climate change,31,/wiki/Climate_change,Earth,,,,,,,
7,Continent,31,/wiki/Continent,Earth,,,,,,,
9,Antarctica,30,/wiki/Antarctica,Earth,,,,,,,
9,Asia,30,/wiki/Asia,Earth,,,,,,,
11,Tsunami,28,/wiki/Tsunami,Earth,,,,,,,
12,Volcano,26,/wiki/Volcano,Earth,,,,,,,
13,South America,23,/wiki/South_America,Earth,,,,,,,
14,2004 Indian Ocean earthquake and tsunami,22,/wiki/2004_Indian_Ocean_earthquake_and_tsunami,Earth,,,,,,,
15,Grand Canyon,19,/wiki/Grand_Canyon,Earth,,,,,,,
15,Canary Islands,19,/wiki/Canary_Islands,Earth,,,,,,,
17,Himalayas,17,/wiki/Himalayas,Earth,,,,,,,
17,2011 Tōhoku earthquake and tsunami,17,/wiki/2011_T%C5%8Dhoku_earthquake_and_tsunami,Earth,,,,,,,
17,Yellowstone National Park,17,/wiki/Yellowstone_National_Park,Earth,,,,,,,
17,Americas,17,/wiki/Americas,Earth,,,,,,,
21,Nile,16,/wiki/Nile,Earth,,,,,,,
21,Crimea,16,/wiki/Crimea,Earth,,,,,,,
21,Mississippi,16,/wiki/Mississippi,Earth,,,,,,,
24,Ocean,15,/wiki/Ocean,Earth,,,,,,,
24,Pacific Ocean,15,/wiki/Pacific_Ocean,Earth,,,,,,,
24,Balkans,15,/wiki/Balkans,Earth,,,,,,,
24,Lightning,15,/wiki/Lightning,Earth,,,,,,,
28,Ice Age,14,/wiki/Ice_Age,Earth,,,,,,,
28,Atlantic Ocean,14,/wiki/Atlantic_Ocean,Earth,,,,,,,
30,Amazon River,13,/wiki/Amazon_River,Earth,,,,,,,
30,Ganges,13,/wiki/Ganges,Earth,,,,,,,
30,Palau,13,/wiki/Palau,Earth,,,,,,,
30,Long Island,13,/wiki/Long_Island,Earth,,,,,,,
1,Cat,61,/wiki/Cat,Life,,,,,,,
2,Dog,50,/wiki/Dog,Life,,,,,,,
3,Animal,38,/wiki/Animal,Life,,,,,,,
3,Lion,38,/wiki/Lion,Life,,,,,,,
5,Coronavirus,37,/wiki/Coronavirus,Life,,,,,,,
5,Tiger,37,/wiki/Tiger,Life,,,,,,,
5,Human,37,/wiki/Human,Life,,,,,,,
8,Dinosaur,29,/wiki/Dinosaur,Life,,,,,,,
9,Elephant,27,/wiki/Elephant,Life,,,,,,,
10,Virus,26,/wiki/Virus,Life,,,,,,,
11,Horse,25,/wiki/Horse,Life,,,,,,,
12,Photosynthesis,23,/wiki/Photosynthesis,Life,,,,,,,
13,Evolution,22,/wiki/Evolution,Life,,,,,,,
13,Apple,22,/wiki/Apple,Life,,,,,,,
13,Bird,22,/wiki/Bird,Life,,,,,,,
16,Mammal,21,/wiki/Mammal,Life,,,,,,,
16,Potato,21,/wiki/Potato,Life,,,,,,,
16,Polar bear,21,/wiki/Polar_bear,Life,,,,,,,
19,Shark,20,/wiki/Shark,Life,,,,,,,
19,Snake,20,/wiki/Snake,Life,,,,,,,
19,Spider,20,/wiki/Spider,Life,,,,,,,
19,Rabbit,20,/wiki/Rabbit,Life,,,,,,,
19,Platypus,20,/wiki/Platypus,Life,,,,,,,
19,Dolphin,20,/wiki/Dolphin,Life,,,,,,,
25,Tyrannosaurus,19,/wiki/Tyrannosaurus,Life,,,,,,,
25,Cougar,19,/wiki/Cougar,Life,,,,,,,
25,Jaguar,19,/wiki/Jaguar,Life,,,,,,,
25,Chicken,19,/wiki/Chicken,Life,,,,,,,
25,Maize,19,/wiki/Maize,Life,,,,,,,
30,Cattle,18,/wiki/Cattle,Life,,,,,,,
30,Dodo,18,/wiki/Dodo,Life,,,,,,,
30,Turmeric,18,/wiki/Turmeric,Life,,,,,,,
30,Tomato,18,/wiki/Tomato,Life,,,,,,,
30,Cheetah,18,/wiki/Cheetah,Life,,,,,,,
30,Giraffe,18,/wiki/Giraffe,Life,,,,,,,
30,Bear,18,/wiki/Bear,Life,,,,,,,
30,Raccoon,18,/wiki/Raccoon,Life,,,,,,,
30,Octopus,18,/wiki/Octopus,Life,,,,,,,
1,World War II,145,/wiki/World_War_II,Civilization,Wars,,,,,,
2,World War I,121,/wiki/World_War_I,Civilization,Wars,,,,,,
3,Vietnam War,82,/wiki/Vietnam_War,Civilization,Wars,,,,,,
4,American Civil War,71,/wiki/American_Civil_War,Civilization,Wars,,,,,,
[a],Atomic bombings of Hiroshima and Nagasaki,54,/wiki/Atomic_bombings_of_Hiroshima_and_Nagasaki,Civilization,Wars,,,,,,
[b],2022 Russian invasion of Ukraine,50,/wiki/2022_Russian_invasion_of_Ukraine,Civilization,Wars,,,,,,
[c],Cold War,49,/wiki/Cold_War,Civilization,Wars,,,,,,
[a],Attack on Pearl Harbor,46,/wiki/Attack_on_Pearl_Harbor,Civilization,Wars,,,,,,
5,Korean War,45,/wiki/Korean_War,Civilization,Wars,,,,,,
6,Russo-Ukrainian War,34,/wiki/Russo-Ukrainian_War,Civilization,Wars,,,,,,
7,American Revolutionary War,33,/wiki/American_Revolutionary_War,Civilization,Wars,,,,,,
8,Syrian civil war,31,/wiki/Syrian_civil_war,Civilization,Wars,,,,,,
[a],Normandy landings,30,/wiki/Normandy_landings,Civilization,Wars,,,,,,
9,Gulf War,30,/wiki/Gulf_War,Civilization,Wars,,,,,,
10,Iraq War,29,/wiki/Iraq_War,Civilization,Wars,,,,,,
11,Crusades,24,/wiki/Crusades,Civilization,Wars,,,,,,
12,Falklands War,23,/wiki/Falklands_War,Civilization,Wars,,,,,,
[a],Battle of Stalingrad,23,/wiki/Battle_of_Stalingrad,Civilization,Wars,,,,,,
13,War in Afghanistan (2001–2021),22,/wiki/War_in_Afghanistan_(2001%E2%80%932021),Civilization,Wars,,,,,,
[a],Battle of the Bulge,19,/wiki/Battle_of_the_Bulge,Civilization,Wars,,,,,,
[a],Battle of Midway,19,/wiki/Battle_of_Midway,Civilization,Wars,,,,,,
[d],Battle of Waterloo,19,/wiki/Battle_of_Waterloo,Civilization,Wars,,,,,,
[e],World War III,18,/wiki/World_War_III,Civilization,Wars,,,,,,
14,Six-Day War,18,/wiki/Six-Day_War,Civilization,Wars,,,,,,
[c],Israeli–Palestinian conflict,18,/wiki/Israeli%E2%80%93Palestinian_conflict,Civilization,Wars,,,,,,
14,Crimean War,18,/wiki/Crimean_War,Civilization,Wars,,,,,,
[a],Battle of Dunkirk,17,/wiki/Battle_of_Dunkirk,Civilization,Wars,,,,,,
16,Spanish Civil War,17,/wiki/Spanish_Civil_War,Civilization,Wars,,,,,,
17,War of 1812,15,/wiki/War_of_1812,Civilization,Wars,,,,,,
[c],The Troubles,14,/wiki/The_Troubles,Civilization,Wars,,,,,,
18,French and Indian War,14,/wiki/French_and_Indian_War,Civilization,Wars,,,,,,
18,Napoleonic Wars,14,/wiki/Napoleonic_Wars,Civilization,Wars,,,,,,
18,Yom Kippur War,14,/wiki/Yom_Kippur_War,Civilization,Wars,,,,,,
21,Mexican–American War,13,/wiki/Mexican%E2%80%93American_War,Civilization,Wars,,,,,,
21,Bosnian War,13,/wiki/Bosnian_War,Civilization,Wars,,,,,,
21,Kargil War,13,/wiki/Kargil_War,Civilization,Wars,,,,,,
[a],Battle of Britain,13,/wiki/Battle_of_Britain,Civilization,Wars,,,,,,
[f],2003 invasion of Iraq,13,/wiki/2003_invasion_of_Iraq,Civilization,Wars,,,,,,
24,Indian Rebellion of 1857,12,/wiki/Indian_Rebellion_of_1857,Civilization,Wars,,,,,,
24,Iran–Iraq War,12,/wiki/Iran%E2%80%93Iraq_War,Civilization,Wars,,,,,,
[a],Dunkirk evacuation,12,/wiki/Dunkirk_evacuation,Civilization,Wars,,,,,,
26,Boxer Rebellion,11,/wiki/Boxer_Rebellion,Civilization,Wars,,,,,,
26,Winter War,11,/wiki/Winter_War,Civilization,Wars,,,,,,
28,Second Boer War,10,/wiki/Second_Boer_War,Civilization,Wars,,,,,,
28,Kosovo War,10,/wiki/Kosovo_War,Civilization,Wars,,,,,,
[g],Trojan War,10,/wiki/Trojan_War,Civilization,Wars,,,,,,
[a],Battle for France,9.5,/wiki/Battle_for_France,Civilization,Wars,,,,,,
30,Soviet-Afghan War,9.5,/wiki/Soviet-Afghan_War,Civilization,Wars,,,,,,
30,Hundred Years' War,9.5,/wiki/Hundred_Years%27_War,Civilization,Wars,,,,,,
1,Soviet Union,63,/wiki/Soviet_Union,Civilization,Empires and hegemonies,,,,,,
2,Ottoman Empire‎ ,49,/wiki/Ottoman_Empire,Civilization,Empires and hegemonies,,,,,,
3,Roman Empire‎,43,/wiki/Roman_Empire,Civilization,Empires and hegemonies,,,,,,
4,Nazi Germany,41,/wiki/Nazi_Germany,Civilization,Empires and hegemonies,,,,,,
5,British Empire,32,/wiki/British_Empire,Civilization,Empires and hegemonies,,,,,,
6,Byzantine Empire,28,/wiki/Byzantine_Empire,Civilization,Empires and hegemonies,,,,,,
7,Ancient Egypt,25,/wiki/Ancient_Egypt,Civilization,Empires and hegemonies,,,,,,
8,Mughal Empire,24,/wiki/Mughal_Empire,Civilization,Empires and hegemonies,,,,,,
8,Sparta,23,/wiki/Sparta,Civilization,Empires and hegemonies,,,,,,
10,Russian Empire,18,/wiki/Russian_Empire,Civilization,Empires and hegemonies,,,,,,
10,German Empire,17,/wiki/German_Empire,Civilization,Empires and hegemonies,,,,,,
12,Qing dynasty,16,/wiki/Qing_dynasty,Civilization,Empires and hegemonies,,,,,,
13,Holy Roman Empire‎[a],15,/wiki/Holy_Roman_Empire,Civilization,Empires and hegemonies,,,,,,
13,Austria-Hungary,15,/wiki/Austria-Hungary,Civilization,Empires and hegemonies,,,,,,
15,Inca Empire,13,/wiki/Inca_Empire,Civilization,Empires and hegemonies,,,,,,
15,Empire of Japan,13,/wiki/Empire_of_Japan,Civilization,Empires and hegemonies,,,,,,
17,Ming dynasty,11,/wiki/Ming_dynasty,Civilization,Empires and hegemonies,,,,,,
18,Mongol Empire,11,/wiki/Mongol_Empire,Civilization,Empires and hegemonies,,,,,,
19,Han dynasty,9.4,/wiki/Han_dynasty,Civilization,Empires and hegemonies,,,,,,
20,Maurya Empire‎,9.2,/wiki/Maurya_Empire,Civilization,Empires and hegemonies,,,,,,
21,Spanish Empire,9.0,/wiki/Spanish_Empire,Civilization,Empires and hegemonies,,,,,,
22,Tang dynasty,8.8,/wiki/Tang_dynasty,Civilization,Empires and hegemonies,,,,,,
23,Sumer,8.6,/wiki/Sumer,Civilization,Empires and hegemonies,,,,,,
23,History of Japan,8.6,/wiki/History_of_Japan,Civilization,Empires and hegemonies,,,,,,
25,Achaemenid Empire,8.4,/wiki/Achaemenid_Empire,Civilization,Empires and hegemonies,,,,,,
26,Gupta Empire,7.4,/wiki/Gupta_Empire,Civilization,Empires and hegemonies,,,,,,
26,Delhi Sultanate,7.4,/wiki/Delhi_Sultanate,Civilization,Empires and hegemonies,,,,,,
28,Umayyad Caliphate[a],6.7,/wiki/Umayyad_Caliphate,Civilization,Empires and hegemonies,,,,,,
29,Assyria‎ ,6.4,/wiki/Assyria,Civilization,Empires and hegemonies,,,,,,
30,Abbasid Caliphate,6.1,/wiki/Abbasid_Caliphate,Civilization,Empires and hegemonies,,,,,,
1,United States,254,/wiki/United_States,Civilization,Present countries,,,,,,
2,India,165,/wiki/India,Civilization,Present countries,,,,,,
3,United Kingdom,144,/wiki/United_Kingdom,Civilization,Present countries,,,,,,
4,Canada,113,/wiki/Canada,Civilization,Present countries,,,,,,
5,Australia,107,/wiki/Australia,Civilization,Present countries,,,,,,
6,China,100,/wiki/China,Civilization,Present countries,,,,,,
7,Russia,98,/wiki/Russia,Civilization,Present countries,,,,,,
8,Japan,96,/wiki/Japan,Civilization,Present countries,,,,,,
9,Germany,94,/wiki/Germany,Civilization,Present countries,,,,,,
10,France,85,/wiki/France,Civilization,Present countries,,,,,,
11,Singapore,80,/wiki/Singapore,Civilization,Present countries,,,,,,
12,Israel,78,/wiki/Israel,Civilization,Present countries,,,,,,
13,Pakistan,68,/wiki/Pakistan,Civilization,Present countries,,,,,,
13,Philippines,68,/wiki/Philippines,Civilization,Present countries,,,,,,
15,Brazil,67,/wiki/Brazil,Civilization,Present countries,,,,,,
16,Italy,66,/wiki/Italy,Civilization,Present countries,,,,,,
16,Netherlands[a],66,/wiki/Netherlands,Civilization,Present countries,,,,,,
16,New Zealand[a],66,/wiki/New_Zealand,Civilization,Present countries,,,,,,
19,Ukraine,64,/wiki/Ukraine,Civilization,Present countries,,,,,,
19,Spain,64,/wiki/Spain,Civilization,Present countries,,,,,,
19,Turkey,64,/wiki/Turkey,Civilization,Present countries,,,,,,
22,South Africa,62,/wiki/South_Africa,Civilization,Present countries,,,,,,
23,Mexico,61,/wiki/Mexico,Civilization,Present countries,,,,,,
24,Indonesia,60,/wiki/Indonesia,Civilization,Present countries,,,,,,
25,Switzerland,58,/wiki/Switzerland,Civilization,Present countries,,,,,,
26,North Korea,56,/wiki/North_Korea,Civilization,Present countries,,,,,,
27,Sweden,55,/wiki/Sweden,Civilization,Present countries,,,,,,
28,Iran,54,/wiki/Iran,Civilization,Present countries,,,,,,
29,United Arab Emirates,52,/wiki/United_Arab_Emirates,Civilization,Present countries,,,,,,
30,Egypt,51,/wiki/Egypt,Civilization,Present countries,,,,,,
31,Poland,51,/wiki/Poland,Civilization,Present countries,,,,,,
32-189,158 countries,50–6.6,,Civilization,Present countries,,,,,,
190,Federated States of Micronesia,6.5,/wiki/Federated_States_of_Micronesia,Civilization,Present countries,,,,,,
191,Saint Vincent and the Grenadines,6.3,/wiki/Saint_Vincent_and_the_Grenadines,Civilization,Present countries,,,,,,
192,Eswatini,6.1,/wiki/Eswatini,Civilization,Present countries,,,,,,
193,São Tomé and Príncipe,5.9,/wiki/S%C3%A3o_Tom%C3%A9_and_Pr%C3%ADncipe,Civilization,Present countries,,,,,,
194,Republic of the Congo,4.9,/wiki/Republic_of_the_Congo,Civilization,Present countries,,,,,,
1,New York City,96,/wiki/New_York_City,Civilization,Cities,North America,,,,,
2,Singapore,80,/wiki/Singapore,Civilization,Cities,Asia,,,,,
3,London,76,/wiki/London,Civilization,Cities,Europe,,,,,
4,Hong Kong,62,/wiki/Hong_Kong,Civilization,Cities,Asia,,,,,
5,Los Angeles,53,/wiki/Los_Angeles,Civilization,Cities,North America,,,,,
6,Dubai,51,/wiki/Dubai,Civilization,Cities,Asia,,,,,
7,"Washington, D.C.",47,"/wiki/Washington,_D.C.",Civilization,Cities,North America,,,,,
8,Paris,44,/wiki/Paris,Civilization,Cities,Europe,,,,,
8,Chicago,44,/wiki/Chicago,Civilization,Cities,North America,,,,,
[a],Angelsberg,44,/wiki/Angelsberg,Civilization,Cities,Europe,,,,,
10,Mumbai,38,/wiki/Mumbai,Civilization,Cities,Asia,,,,,
11,San Francisco,37,/wiki/San_Francisco,Civilization,Cities,North America,,,,,
12,Rome,33,/wiki/Rome,Civilization,Cities,Europe,,,,,
12,Monaco,33,/wiki/Monaco,Civilization,Cities,Europe,,,,,
12,Toronto,33,/wiki/Toronto,Civilization,Cities,North America,,,,,
15,Tokyo,32,/wiki/Tokyo,Civilization,Cities,Asia,,,,,
16,Philadelphia,31,/wiki/Philadelphia,Civilization,Cities,North America,,,,,
17,Machu Picchu,30,/wiki/Machu_Picchu,Civilization,Cities,South America,,,,,
18,Jerusalem,28,/wiki/Jerusalem,Civilization,Cities,Asia,,,,,
18,Amsterdam,28,/wiki/Amsterdam,Civilization,Cities,Europe,,,,,
18,Boston,28,/wiki/Boston,Civilization,Cities,North America,,,,,
21,Barcelona,27,/wiki/Barcelona,Civilization,Cities,Europe,,,,,
21,Seattle,27,/wiki/Seattle,Civilization,Cities,North America,,,,,
21,Istanbul,27,/wiki/Istanbul,Civilization,Cities,Europe/Asia,,,,,
21,Berlin,27,/wiki/Berlin,Civilization,Cities,Europe,,,,,
25,Vatican,26,/wiki/Vatican_City,Civilization,Cities,Europe,,,,,
25,Vancouver,26,/wiki/Vancouver,Civilization,Cities,North America,,,,,
27,Shanghai,25,/wiki/Shanghai,Civilization,Cities,Asia,,,,,
27,Pompeii,25,/wiki/Pompeii,Civilization,Cities,Europe,,,,,
29,Venice,24,/wiki/Venice,Civilization,Cities,Europe,,,,,
29,Atlanta,24,/wiki/Atlanta,Civilization,Cities,North America,,,,,
29,Montreal,24,/wiki/Montreal,Civilization,Cities,North America,,,,,
29,Moscow,24,/wiki/Moscow,Civilization,Cities,Europe,,,,,
1,Taj Mahal,53,/wiki/Taj_Mahal,Civilization,Buildings and structures,,1653,,,,
2,Burj Khalifa,44,/wiki/Burj_Khalifa,Civilization,Buildings and structures,,2009,,,,
3,Statue of Liberty,40,/wiki/Statue_of_Liberty,Civilization,Buildings and structures,,1886,,,,
4,Great Wall of China,39,/wiki/Great_Wall_of_China,Civilization,Buildings and structures,,c. 212 BC,,,,
5,Eiffel Tower,37,/wiki/Eiffel_Tower,Civilization,Buildings and structures,,1889,,,,
6,Berlin Wall,33,/wiki/Berlin_Wall,Civilization,Buildings and structures,,1960s,,,,
7,Machu Picchu,30,/wiki/Machu_Picchu,Civilization,Buildings and structures,,15th century,,,,
8,Stonehenge,29,/wiki/Stonehenge,Civilization,Buildings and structures,,3rd millennium BC,,,,
9,Mount Rushmore National Memorial,28,/wiki/Mount_Rushmore_National_Memorial,Civilization,Buildings and structures,,1939,,,,
9,Colosseum,28,/wiki/Colosseum,Civilization,Buildings and structures,,80,,,,
9,Auschwitz concentration camp,28,/wiki/Auschwitz_concentration_camp,Civilization,Buildings and structures,,1942,,,,
12,Great Pyramid of Giza,26,/wiki/Great_Pyramid_of_Giza,Civilization,Buildings and structures,,c. 2560 BC,,,,
13,One World Trade Center,24,/wiki/One_World_Trade_Center,Civilization,Buildings and structures,,2014,,,,
14,Empire State Building,23,/wiki/Empire_State_Building,Civilization,Buildings and structures,,1931,,,,
15,White House,22,/wiki/White_House,Civilization,Buildings and structures,,1800,,,,
15,Petra [b],22,/wiki/Petra,Civilization,Buildings and structures,,5th century BC,,,,
17,Large Hadron Collider,21,/wiki/Large_Hadron_Collider,Civilization,Buildings and structures,,2008,,,,
17,Hagia Sophia,21,/wiki/Hagia_Sophia,Civilization,Buildings and structures,,537,,,,
19,Golden Gate Bridge,18,/wiki/Golden_Gate_Bridge,Civilization,Buildings and structures,,1937,,,,
19,Panama Canal,18,/wiki/Panama_Canal,Civilization,Buildings and structures,,1914,,,,
21,Angkor Wat,17,/wiki/Angkor_Wat,Civilization,Buildings and structures,,12th century,,,,
21,Big Ben,17,/wiki/Big_Ben,Civilization,Buildings and structures,,1859,,,,
21,Guantanamo Bay detention camp,17,/wiki/Guantanamo_Bay_detention_camp,Civilization,Buildings and structures,,2002,,,,
21,Buckingham Palace,17,/wiki/Buckingham_Palace,Civilization,Buildings and structures,,1850,,,,
25,Christ the Redeemer (statue),16,/wiki/Christ_the_Redeemer_(statue),Civilization,Buildings and structures,,1931,,,,
25,Kaaba,16,/wiki/Kaaba,Civilization,Buildings and structures,,Before 610,,,,
27,New York Stock Exchange,15,/wiki/New_York_Stock_Exchange,Civilization,Buildings and structures,,1903,,,,
27,Parthenon,15,/wiki/Parthenon,Civilization,Buildings and structures,,5th century BC,,,,
29,"Pantheon, Rome",14,"/wiki/Pantheon,_Rome",Civilization,Buildings and structures,,c. 126,,,,
29,Disneyland,14,/wiki/Disneyland,Civilization,Buildings and structures,,1955,,,,
29,Colossus of Rhodes,14,/wiki/Colossus_of_Rhodes,Civilization,Buildings and structures,,280 BC,,,,
29,ADX Florence,14,/wiki/ADX_Florence,Civilization,Buildings and structures,,1994,,,,
33,Notre-Dame de Paris,13,/wiki/Notre-Dame_de_Paris,Civilization,Buildings and structures,,1345,,,,
33,Wembley Stadium,13,/wiki/Wembley_Stadium,Civilization,Buildings and structures,,2007,,,,
33,World Trade Center (1973–2001),13,/wiki/World_Trade_Center_(1973%E2%80%932001),Civilization,Buildings and structures,,1973,,,,
33,Westminster Abbey,13,/wiki/Westminster_Abbey,Civilization,Buildings and structures,,960,,,,
33,Windsor Castle,13,/wiki/Windsor_Castle,Civilization,Buildings and structures,,11th century,,,,
33,Georgia Guidestones,13,/wiki/Georgia_Guidestones,Civilization,Buildings and structures,,1980,,,,
39,Statue of Unity,12,/wiki/Statue_of_Unity,Civilization,Buildings and structures,,2018,,,,
39,Suez Canal,12,/wiki/Suez_Canal,Civilization,Buildings and structures,,1869,,,,
39,Walt Disney World,12,/wiki/Walt_Disney_World,Civilization,Buildings and structures,,1971,,,,
39,Channel Tunnel,12,/wiki/Channel_Tunnel,Civilization,Buildings and structures,,1994,,,,
39,Forbidden City,12,/wiki/Forbidden_City,Civilization,Buildings and structures,,1420,,,,
39,Willis Tower,12,/wiki/Willis_Tower,Civilization,Buildings and structures,,1973,,,,
45,Timbuktu [b],11,/wiki/Timbuktu,Civilization,Buildings and structures,,5th century BC,,,,
45,Taipei 101,11,/wiki/Taipei_101,Civilization,Buildings and structures,,2004,,,,
45,Arc de Triomphe,11,/wiki/Arc_de_Triomphe,Civilization,Buildings and structures,,1836,,,,
45,Lighthouse of Alexandria,11,/wiki/Lighthouse_of_Alexandria,Civilization,Buildings and structures,,c. 246 BC,,,,
49,Mohenjo-daro [b],10,/wiki/Mohenjo-daro,Civilization,Buildings and structures,,3rd millennium BC,,,,
49,John F. Kennedy International Airport,10,/wiki/John_F._Kennedy_International_Airport,Civilization,Buildings and structures,,1948,,,,
49,Temple of Artemis,10,/wiki/Temple_of_Artemis,Civilization,Buildings and structures,,c. 540 BC,,,,
49,Library of Alexandria,10,/wiki/Library_of_Alexandria,Civilization,Buildings and structures,,3rd century BC,,,,
49,Brooklyn Bridge,10,/wiki/Brooklyn_Bridge,Civilization,Buildings and structures,,1883,,,,
49,Code of Hammurabi,10,/wiki/Code_of_Hammurabi,Civilization,Buildings and structures,,c. 1754 BC,,,,
55,Leaning Tower of Pisa,9.6,/wiki/Leaning_Tower_of_Pisa,Civilization,Buildings and structures,,1372,,,,
56,Statue of Zeus at Olympia,9.2,/wiki/Statue_of_Zeus_at_Olympia,Civilization,Buildings and structures,,5th century BC,,,,
56,Acropolis of Athens,9.2,/wiki/Acropolis_of_Athens,Civilization,Buildings and structures,,5th century BC,,,,
58,New York City Subway,9.0,/wiki/New_York_City_Subway,Civilization,Buildings and structures,,1904,,,,
59,Dome of the Rock,8.9,/wiki/Dome_of_the_Rock,Civilization,Buildings and structures,,692,,,,
60,Great Sphinx of Giza,8.8,/wiki/Great_Sphinx_of_Giza,Civilization,Buildings and structures,,2532 BC,,,,
61,Palace of Versailles,8.7,/wiki/Palace_of_Versailles,Civilization,Buildings and structures,,1678,,,,
62,Wall Street,8.4,/wiki/Wall_Street,Civilization,Buildings and structures,,19th century,,,,
63,Antilia (building),8.3,/wiki/Antilia_(building),Civilization,Buildings and structures,,2010,,,,
64,David (Michelangelo),8.2,/wiki/David_(Michelangelo),Civilization,Buildings and structures,,1504,,,,
64,Church of the Holy Sepulchre,8.2,/wiki/Church_of_the_Holy_Sepulchre,Civilization,Buildings and structures,,335,,,,
66,7 World Trade Center,8.1,/wiki/7_World_Trade_Center,Civilization,Buildings and structures,,2006,,,,
66,Al-Aqsa Mosque,8.1,/wiki/Al-Aqsa_Mosque,Civilization,Buildings and structures,,705,,,,
68,Göbekli Tepe [b],7.9,/wiki/G%C3%B6bekli_Tepe,Civilization,Buildings and structures,,10th millennium BC,,,,
69,Moai,7.8,/wiki/Moai,Civilization,Buildings and structures,,14th century,,,,
70,Chichen Itza [b],7.5,/wiki/Chichen_Itza,Civilization,Buildings and structures,,7th century,,,,
71,Epcot,7.4,/wiki/Epcot,Civilization,Buildings and structures,,1982,,,,
71,Petronas Towers,7.4,/wiki/Petronas_Towers,Civilization,Buildings and structures,,1996,,,,
73,Hoover Dam,7.2,/wiki/Hoover_Dam,Civilization,Buildings and structures,,1936,,,,
74,Terracotta Army,7.0,/wiki/Terracotta_Army,Civilization,Buildings and structures,,3rd century BC,,,,
74,Tower of London,7.0,/wiki/Tower_of_London,Civilization,Buildings and structures,,1078,,,,
76,Red Fort,6.9,/wiki/Red_Fort,Civilization,Buildings and structures,,1648,,,,
76,Delhi Metro,6.9,/wiki/Delhi_Metro,Civilization,Buildings and structures,,2002,,,,
78,Jeddah Tower,6.8,/wiki/Jeddah_Tower,Civilization,Buildings and structures,,On hold,,,,
78,Louvre,6.8,/wiki/Louvre,Civilization,Buildings and structures,,1793,,,,
78,St. Peter's Basilica,6.8,/wiki/St._Peter%27s_Basilica,Civilization,Buildings and structures,,1626,,,,
81,Balmoral Castle,6.7,/wiki/Balmoral_Castle,Civilization,Buildings and structures,,1856,,,,
81,British Museum,6.7,/wiki/British_Museum,Civilization,Buildings and structures,,1753,,,,
81,Brandenburg Gate,6.7,/wiki/Brandenburg_Gate,Civilization,Buildings and structures,,1791,,,,
84,Neuschwanstein Castle,6.6,/wiki/Neuschwanstein_Castle,Civilization,Buildings and structures,,1886,,,,
85,Indira Gandhi International Airport,6.5,/wiki/Indira_Gandhi_International_Airport,Civilization,Buildings and structures,,1940s,,,,
86,Hadrian's Wall,6.4,/wiki/Hadrian%27s_Wall,Civilization,Buildings and structures,,128,,,,
87,Erie Canal,6.3,/wiki/Erie_Canal,Civilization,Buildings and structures,,1825,,,,
87,Persepolis [b],6.3,/wiki/Persepolis,Civilization,Buildings and structures,,6th century BC,,,,
87,United States Capitol,6.3,/wiki/United_States_Capitol,Civilization,Buildings and structures,,1800,,,,
90,Washington Monument,6.2,/wiki/Washington_Monument,Civilization,Buildings and structures,,1888,,,,
90,Gateway of India,6.2,/wiki/Gateway_of_India,Civilization,Buildings and structures,,1924,,,,
92,Qutb Minar,5.9,/wiki/Qutb_Minar,Civilization,Buildings and structures,,~ 1220,,,,
92,Alhambra,5.9,/wiki/Alhambra,Civilization,Buildings and structures,,13th century,,,,
92,India Gate,5.9,/wiki/India_Gate,Civilization,Buildings and structures,,1921,,,,
92,London Underground,5.9,/wiki/London_Underground,Civilization,Buildings and structures,,1863,,,,
96,Three Gorges Dam,5.8,/wiki/Three_Gorges_Dam,Civilization,Buildings and structures,,2003,,,,
96,Heathrow Airport,5.8,/wiki/Heathrow_Airport,Civilization,Buildings and structures,,1946,,,,
96,United States Military Academy,5.8,/wiki/United_States_Military_Academy,Civilization,Buildings and structures,,1802,,,,
96,MetLife Stadium,5.8,/wiki/MetLife_Stadium,Civilization,Buildings and structures,,2010,,,,
100,Rikers Island prison,5.7,/wiki/Rikers_Island_prison,Civilization,Buildings and structures,,1932,,,,
100,Mausoleum at Halicarnassus,5.7,/wiki/Mausoleum_at_Halicarnassus,Civilization,Buildings and structures,,351 BC,,,,
100,Führerbunker,5.7,/wiki/F%C3%BChrerbunker,Civilization,Buildings and structures,,1944,,,,
100,Alcatraz Federal Penitentiary,5.7,/wiki/Alcatraz_Federal_Penitentiary,Civilization,Buildings and structures,,1934,,,,
100,Borobudur,5.7,/wiki/Borobudur,Civilization,Buildings and structures,,9th century,,,,
100,Hampi,5.7,/wiki/Hampi,Civilization,Buildings and structures,,1500,,,,
100,Konark Sun Temple,5.7,/wiki/Konark_Sun_Temple,Civilization,Buildings and structures,,13th century,,,,
1,Donald Trump,243,/wiki/Donald_Trump,People,,,,,,,
2,Elizabeth II,198,/wiki/Elizabeth_II,People,,,,,,,
3,Barack Obama,163,/wiki/Barack_Obama,People,,,,,,,
4,Cristiano Ronaldo,151,/wiki/Cristiano_Ronaldo,People,,,,,,,
5,Michael Jackson,141,/wiki/Michael_Jackson,People,,,,,,,
6,Elon Musk,135,/wiki/Elon_Musk,People,,,,,,,
7,Lady Gaga,129,/wiki/Lady_Gaga,People,,,,,,,
7,Adolf Hitler,129,/wiki/Adolf_Hitler,People,,,,,,,
9,Eminem,127,/wiki/Eminem,People,,,,,,,
10,Lionel Messi,125,/wiki/Lionel_Messi,People,,,,,,,
11,Justin Bieber,114,/wiki/Justin_Bieber,People,,,,,,,
12,Freddie Mercury,113,/wiki/Freddie_Mercury,People,,,,,,,
13,Kim Kardashian,111,/wiki/Kim_Kardashian,People,,,,,,,
14,Johnny Depp,109,/wiki/Johnny_Depp,People,,,,,,,
15,Steve Jobs,108,/wiki/Steve_Jobs,People,,,,,,,
15,Dwayne Johnson,108,/wiki/Dwayne_Johnson,People,,,,,,,
17,Michael Jordan,107,/wiki/Michael_Jordan,People,,,,,,,
18,Taylor Swift,102,/wiki/Taylor_Swift,People,,,,,,,
19,Stephen Hawking,101,/wiki/Stephen_Hawking,People,,,,,,,
20,Kanye West,96,/wiki/Kanye_West,People,,,,,,,
21,Abraham Lincoln,95,/wiki/Abraham_Lincoln,People,,,,,,,
22,LeBron James,94,/wiki/LeBron_James,People,,,,,,,
22,Charles III[23],88,/wiki/Charles_III,People,,,,,,,
22,Miley Cyrus,94,/wiki/Miley_Cyrus,People,,,,,,,
25,Leonardo DiCaprio,93,/wiki/Leonardo_DiCaprio,People,,,,,,,
26,Selena Gomez,92,/wiki/Selena_Gomez,People,,,,,,,
26,Kobe Bryant,92,/wiki/Kobe_Bryant,People,,,,,,,
28,Joe Biden,91,/wiki/Joe_Biden,People,,,,,,,
28,Tom Cruise,91,/wiki/Tom_Cruise,People,,,,,,,
28,Albert Einstein,91,/wiki/Albert_Einstein,People,,,,,,,
28,Rihanna,91,/wiki/Rihanna,People,,,,,,,
32,"Prince Philip, Duke of Edinburgh",90,"/wiki/Prince_Philip,_Duke_of_Edinburgh",People,,,,,,,
32,Elvis Presley,90,/wiki/Elvis_Presley,People,,,,,,,
34,Lil Wayne,89,/wiki/Lil_Wayne,People,,,,,,,
34,Scarlett Johansson,89,/wiki/Scarlett_Johansson,People,,,,,,,
34,Tupac Shakur,89,/wiki/Tupac_Shakur,People,,,,,,,
34,Angelina Jolie,89,/wiki/Angelina_Jolie,People,,,,,,,
38,Queen Victoria,88,/wiki/Queen_Victoria,People,,,,,,,
38,Jeffrey Dahmer,88,/wiki/Jeffrey_Dahmer,People,,,,,,,
40,John F. Kennedy,87,/wiki/John_F._Kennedy,People,,,,,,,
41,"Diana, Princess of Wales",86,"/wiki/Diana,_Princess_of_Wales",People,,,,,,,
41,Marilyn Monroe,86,/wiki/Marilyn_Monroe,People,,,,,,,
43,Keanu Reeves,85,/wiki/Keanu_Reeves,People,,,,,,,
43,Ariana Grande,85,/wiki/Ariana_Grande,People,,,,,,,
43,Arnold Schwarzenegger,85,/wiki/Arnold_Schwarzenegger,People,,,,,,,
46,Jennifer Aniston,84,/wiki/Jennifer_Aniston,People,,,,,,,
47,"Meghan, Duchess of Sussex",83,"/wiki/Meghan,_Duchess_of_Sussex",People,,,,,,,
47,Muhammad Ali,83,/wiki/Muhammad_Ali,People,,,,,,,
47,Will Smith ,83,/wiki/Will_Smith,People,,,,,,,
50,Mark Zuckerberg,82,/wiki/Mark_Zuckerberg,People,,,,,,,
50,Ted Bundy,82,/wiki/Ted_Bundy,People,,,,,,,
50,Pablo Escobar,82,/wiki/Pablo_Escobar,People,,,,,,,
50,Mila Kunis,82,/wiki/Mila_Kunis,People,,,,,,,
54,William Shakespeare,81,/wiki/William_Shakespeare,People,,,,,,,
55,Tom Brady,80,/wiki/Tom_Brady,People,,,,,,,
55,Jay-Z[34],80,/wiki/Jay-Z,People,,,,,,,
55,Bill Gates,80,/wiki/Bill_Gates,People,,,,,,,
58,Winston Churchill,78,/wiki/Winston_Churchill,People,,,,,,,
58,Nicki Minaj,78,/wiki/Nicki_Minaj,People,,,,,,,
58,Bruce Lee,78,/wiki/Bruce_Lee,People,,,,,,,
61,"Princess Margaret, Countess of Snowdon",77,"/wiki/Princess_Margaret,_Countess_of_Snowdon",People,,,,,,,
61,Ryan Reynolds,77,/wiki/Ryan_Reynolds,People,,,,,,,
61,Brad Pitt,77,/wiki/Brad_Pitt,People,,,,,,,
61,John Cena,77,/wiki/John_Cena,People,,,,,,,
61,Charles Manson,77,/wiki/Charles_Manson,People,,,,,,,
61,Vladimir Putin,77,/wiki/Vladimir_Putin,People,,,,,,,
67,Clint Eastwood,76,/wiki/Clint_Eastwood,People,,,,,,,
67,Madonna,76,/wiki/Madonna,People,,,,,,,
69,Jennifer Lopez,75,/wiki/Jennifer_Lopez,People,,,,,,,
69,Katy Perry,75,/wiki/Katy_Perry,People,,,,,,,
71,George VI,74,/wiki/George_VI,People,,,,,,,
71,Heath Ledger,74,/wiki/Heath_Ledger,People,,,,,,,
71,Britney Spears,74,/wiki/Britney_Spears,People,,,,,,,
74,Sylvester Stallone,73,/wiki/Sylvester_Stallone,People,,,,,,,
74,Adele[35],73,/wiki/Adele,People,,,,,,,
74,Prince (musician),73,/wiki/Prince_(musician),People,,,,,,,
74,David Bowie,73,/wiki/David_Bowie,People,,,,,,,
78,Ronald Reagan,72,/wiki/Ronald_Reagan,People,,,,,,,
79,Kamala Harris,71,/wiki/Kamala_Harris,People,,,,,,,
79,George W. Bush,71,/wiki/George_W._Bush,People,,,,,,,
79,Jennifer Lawrence,71,/wiki/Jennifer_Lawrence,People,,,,,,,
79,Mahatma Gandhi,71,/wiki/Mahatma_Gandhi,People,,,,,,,
83,Emma Watson,69,/wiki/Emma_Watson,People,,,,,,,
84,Robin Williams,68,/wiki/Robin_Williams,People,,,,,,,
84,Mark Wahlberg,68,/wiki/Mark_Wahlberg,People,,,,,,,
86,Henry VIII,67,/wiki/Henry_VIII,People,,,,,,,
86,Beyoncé,67,/wiki/Beyonc%C3%A9,People,,,,,,,
86,John Lennon,67,/wiki/John_Lennon,People,,,,,,,
86,Nelson Mandela,67,/wiki/Nelson_Mandela,People,,,,,,,
90,Demi Lovato,66,/wiki/Demi_Lovato,People,,,,,,,
90,Megan Fox,66,/wiki/Megan_Fox,People,,,,,,,
90,Roger Federer,66,/wiki/Roger_Federer,People,,,,,,,
93,Tom Hardy,65,/wiki/Tom_Hardy,People,,,,,,,
93,Leonardo da Vinci,65,/wiki/Leonardo_da_Vinci,People,,,,,,,
95,Tom Hanks,64,/wiki/Tom_Hanks,People,,,,,,,
95,George Washington,64,/wiki/George_Washington,People,,,,,,,
95,Franklin D. Roosevelt,64,/wiki/Franklin_D._Roosevelt,People,,,,,,,
95,Mike Tyson,64,/wiki/Mike_Tyson,People,,,,,,,
95,Lali Espósito,64,/wiki/Lali_Esp%C3%B3sito,People,,,,,,,
100,Bob Marley,63,/wiki/Bob_Marley,People,,,,,,,
100,Bill Clinton,63,/wiki/Bill_Clinton,People,,,,,,,
100,The Undertaker,63,/wiki/The_Undertaker,People,,,,,,,
100,Mariah Carey,63,/wiki/Mariah_Carey,People,,,,,,,
100,Kristen Stewart,63,/wiki/Kristen_Stewart,People,,,,,,,
100,Natalie Portman,63,/wiki/Natalie_Portman,People,,,,,,,
100,Snoop Dogg,63,/wiki/Snoop_Dogg,People,,,,,,,
1,Michael Jackson,141,/wiki/Michael_Jackson,People,Singers,,,,,,
2,Lady Gaga,129,/wiki/Lady_Gaga,People,Singers,,,,,,
3,Eminem,127,/wiki/Eminem,People,Singers,,,,,,
4,Justin Bieber,114,/wiki/Justin_Bieber,People,Singers,,,,,,
5,Freddie Mercury,113,/wiki/Freddie_Mercury,People,Singers,,,,,,
6,Taylor Swift,102,/wiki/Taylor_Swift,People,Singers,,,,,,
7,Kanye West,96,/wiki/Kanye_West,People,Singers,,,,,,
8,Miley Cyrus,94,/wiki/Miley_Cyrus,People,Singers,,,,,,
9,Selena Gomez,92,/wiki/Selena_Gomez,People,Singers,,,,,,
10,Rihanna,91,/wiki/Rihanna,People,Singers,,,,,,
11,Elvis Presley,90,/wiki/Elvis_Presley,People,Singers,,,,,,
12,Lil Wayne,89,/wiki/Lil_Wayne,People,Singers,,,,,,
12,Tupac Shakur,89,/wiki/Tupac_Shakur,People,Singers,,,,,,
14,Ariana Grande,85,/wiki/Ariana_Grande,People,Singers,,,,,,
15,Jay-Z[27],80,/wiki/Jay-Z,People,Singers,,,,,,
16,Nicki Minaj,78,/wiki/Nicki_Minaj,People,Singers,,,,,,
17,Madonna,76,/wiki/Madonna,People,Singers,,,,,,
18,Katy Perry,75,/wiki/Katy_Perry,People,Singers,,,,,,
18,Jennifer Lopez,75,/wiki/Jennifer_Lopez,People,Singers,,,,,,
20,Britney Spears,74,/wiki/Britney_Spears,People,Singers,,,,,,
21,Adele[35],73,/wiki/Adele,People,Singers,,,,,,
21,David Bowie,73,/wiki/David_Bowie,People,Singers,,,,,,
23,Prince,72,/wiki/Prince_(musician),People,Singers,,,,,,
24,Beyoncé,67,/wiki/Beyonc%C3%A9,People,Singers,,,,,,
24,John Lennon,67,/wiki/John_Lennon,People,Singers,,,,,,
26,Demi Lovato,66,/wiki/Demi_Lovato,People,Singers,,,,,,
27,Lali Espósito,64,/wiki/Lali_Esp%C3%B3sito,People,Singers,,,,,,
28,Bob Marley,63,/wiki/Bob_Marley,People,Singers,,,,,,
28,Mariah Carey,63,/wiki/Mariah_Carey,People,Singers,,,,,,
28,Snoop Dogg,63,/wiki/Snoop_Dogg,People,Singers,,,,,,
1,Kim Kardashian,111,/wiki/Kim_Kardashian,People,Actors,,,,,,
2,Johnny Depp,109,/wiki/Johnny_Depp,People,Actors,,,,,,
3,Dwayne Johnson,108,/wiki/Dwayne_Johnson,People,Actors,,,,,,
4,Leonardo DiCaprio,93,/wiki/Leonardo_DiCaprio,People,Actors,,,,,,
5,Tom Cruise,91,/wiki/Tom_Cruise,People,Actors,,,,,,
6,Angelina Jolie,89,/wiki/Angelina_Jolie,People,Actors,,,,,,
6,Scarlett Johansson,89,/wiki/Scarlett_Johansson,People,Actors,,,,,,
8,Marilyn Monroe,86,/wiki/Marilyn_Monroe,People,Actors,,,,,,
9,Keanu Reeves,85,/wiki/Keanu_Reeves,People,Actors,,,,,,
9,Arnold Schwarzenegger,85,/wiki/Arnold_Schwarzenegger,People,Actors,,,,,,
11,Jennifer Aniston,84,/wiki/Jennifer_Aniston,People,Actors,,,,,,
12,Meghan Markle,83,/wiki/Meghan_Markle,People,Actors,,,,,,
12,Will Smith,83,/wiki/Will_Smith,People,Actors,,,,,,
14,Mila Kunis,82,/wiki/Mila_Kunis,People,Actors,,,,,,
15,Bruce Lee,78,/wiki/Bruce_Lee,People,Actors,,,,,,
16,Brad Pitt,77,/wiki/Brad_Pitt,People,Actors,,,,,,
16,Ryan Reynolds,77,/wiki/Ryan_Reynolds,People,Actors,,,,,,
18,Clint Eastwood,76,/wiki/Clint_Eastwood,People,Actors,,,,,,
19,Heath Ledger,74,/wiki/Heath_Ledger,People,Actors,,,,,,
20,Sylvester Stallone,73,/wiki/Sylvester_Stallone,People,Actors,,,,,,
21,Jennifer Lawrence,71,/wiki/Jennifer_Lawrence,People,Actors,,,,,,
22,Emma Watson,69,/wiki/Emma_Watson,People,Actors,,,,,,
23,Mark Wahlberg,68,/wiki/Mark_Wahlberg,People,Actors,,,,,,
23,Robin Williams,68,/wiki/Robin_Williams,People,Actors,,,,,,
25,Megan Fox,66,/wiki/Megan_Fox,People,Actors,,,,,,
26,Tom Hardy,65,/wiki/Tom_Hardy,People,Actors,,,,,,
27,Tom Hanks,64,/wiki/Tom_Hanks,People,Actors,,,,,,
28,Kristen Stewart,63,/wiki/Kristen_Stewart,People,Actors,,,,,,
28,Natalie Portman,63,/wiki/Natalie_Portman,People,Actors,,,,,,
28,The Undertaker,63,/wiki/The_Undertaker,People,Actors,,,,,,
1,Cristiano Ronaldo,151,/wiki/Cristiano_Ronaldo,People,Athletes,,,Association football,,,
2,Lionel Messi,125,/wiki/Lionel_Messi,People,Athletes,,,Association football,,,
3,Michael Jordan,107,/wiki/Michael_Jordan,People,Athletes,,,Basketball,,,
4,LeBron James,94,/wiki/LeBron_James,People,Athletes,,,Basketball,,,
5,Kobe Bryant,92,/wiki/Kobe_Bryant,People,Athletes,,,Basketball,,,
6,Muhammad Ali,83,/wiki/Muhammad_Ali,People,Athletes,,,Boxing,,,
7,Tom Brady,80,/wiki/Tom_Brady,People,Athletes,,,American football,,,
[a],John Cena,77,/wiki/John_Cena,People,Athletes,,,Pro wrestling,,,
8,Roger Federer,66,/wiki/Roger_Federer,People,Athletes,,,Tennis,,,
9,Mike Tyson,64,/wiki/Mike_Tyson,People,Athletes,,,Boxing,,,
[a],The Undertaker,63,/wiki/The_Undertaker,People,Athletes,,,Pro wrestling,,,
10,O. J. Simpson,60,/wiki/O._J._Simpson,People,Athletes,,,American football,,,
11,Shaquille O'Neal,58,/wiki/Shaquille_O%27Neal,People,Athletes,,,Basketball,,,
12,Conor McGregor,54,/wiki/Conor_McGregor,People,Athletes,,,Mixed martial arts,,,
12,Rafael Nadal,54,/wiki/Rafael_Nadal,People,Athletes,,,Tennis,,,
14,Serena Williams,51,/wiki/Serena_Williams,People,Athletes,,,Tennis,,,
14,David Beckham,51,/wiki/David_Beckham,People,Athletes,,,Association football,,,
16,Neymar,50,/wiki/Neymar,People,Athletes,,,Association football,,,
17,Brock Lesnar,49,/wiki/Brock_Lesnar,People,Athletes,,,Pro wrestling and MMA,,,
17,Zlatan Ibrahimovic,49,/wiki/Zlatan_Ibrahimovic,People,Athletes,,,Association football,,,
19,Novak Djokovic,48,/wiki/Novak_Djokovic,People,Athletes,,,Tennis,,,
20,Stephen Curry,47,/wiki/Stephen_Curry,People,Athletes,,,Basketball,,,
20,Tiger Woods,47,/wiki/Tiger_Woods,People,Athletes,,,Golf,,,
22,Manny Pacquiao,42,/wiki/Manny_Pacquiao,People,Athletes,,,Boxing,,,
22,Michael Phelps,42,/wiki/Michael_Phelps,People,Athletes,,,Swimming,,,
22,Virat Kohli,42,/wiki/Virat_Kohli,People,Athletes,,,Cricket,,,
[a],Triple H,41,/wiki/Triple_H,People,Athletes,,,Pro wrestling,,,
25,Caitlyn Jenner,41,/wiki/Caitlyn_Jenner,People,Athletes,,,Decathlon,,,
26,Usain Bolt,40,/wiki/Usain_Bolt,People,Athletes,,,Sprint,,,
26,Peyton Manning,40,/wiki/Peyton_Manning,People,Athletes,,,American football,,,
26,Sachin Tendulkar,40,/wiki/Sachin_Tendulkar,People,Athletes,,,Cricket,,,
29,Ronda Rousey,38,/wiki/Ronda_Rousey,People,Athletes,,,"Judo, MMA and pro wrestling",,,
30,Michael Oher,37,/wiki/Michael_Oher,People,Athletes,,,American football,,,
30,Wayne Rooney,37,/wiki/Wayne_Rooney,People,Athletes,,,Association football,,,
30,Ronaldinho,37,/wiki/Ronaldinho,People,Athletes,,,Association football,,,
30,Ronaldo,37,/wiki/Ronaldo_(Brazilian_footballer),People,Athletes,,,Association football,,,
1,Donald Trump,243,/wiki/Donald_Trump,People,Political leaders,,,,United States,,
2,Elizabeth II,198,/wiki/Elizabeth_II,People,Political leaders,,,,United Kingdom,,
3,Barack Obama,163,/wiki/Barack_Obama,People,Political leaders,,,,United States,,
4,Adolf Hitler,129,/wiki/Adolf_Hitler,People,Political leaders,,,,Nazi Germany,,
5,Abraham Lincoln,95,/wiki/Abraham_Lincoln,People,Political leaders,,,,United States,,
6,Charles III[23],94,/wiki/Charles_III,People,Political leaders,,,,United Kingdom,,
7,Joe Biden,91,/wiki/Joe_Biden,People,Political leaders,,,,United States,,
8,"Prince Philip, Duke of Edinburgh",90,"/wiki/Prince_Philip,_Duke_of_Edinburgh",People,Political leaders,,,,United Kingdom,,
9,Queen Victoria,88,/wiki/Queen_Victoria,People,Political leaders,,,,United Kingdom,,
10,John F. Kennedy,87,/wiki/John_F._Kennedy,People,Political leaders,,,,United States,,
11,"Diana, Princess of Wales",86,"/wiki/Diana,_Princess_of_Wales",People,Political leaders,,,,United Kingdom,,
12,"Meghan, Duchess of Sussex",83,"/wiki/Meghan,_Duchess_of_Sussex",People,Political leaders,,,,United Kingdom,,
13,Winston Churchill,78,/wiki/Winston_Churchill,People,Political leaders,,,,United Kingdom,,
14,Vladimir Putin,77,/wiki/Vladimir_Putin,People,Political leaders,,,,Russia,,
14,"Princess Margaret, Countess of Snowdon",77,"/wiki/Princess_Margaret,_Countess_of_Snowdon",People,Political leaders,,,,United Kingdom,,
16,George VI,74,/wiki/George_VI,People,Political leaders,,,,United Kingdom,,
17,Ronald Reagan,72,/wiki/Ronald_Reagan,People,Political leaders,,,,United States,,
18,Kamala Harris,71,/wiki/Kamala_Harris,People,Political leaders,,,,United States,,
18,Mahatma Gandhi,71,/wiki/Mahatma_Gandhi,People,Political leaders,,,,India,,
18,George W. Bush,71,/wiki/George_W._Bush,People,Political leaders,,,,United States,,
21,Henry VIII of England,67,/wiki/Henry_VIII_of_England,People,Political leaders,,,,United Kingdom,,
21,Nelson Mandela,67,/wiki/Nelson_Mandela,People,Political leaders,,,,South Africa,,
23,Franklin D. Roosevelt,64,/wiki/Franklin_D._Roosevelt,People,Political leaders,,,,United States,,
23,George Washington,64,/wiki/George_Washington,People,Political leaders,,,,United States,,
25,Bill Clinton,63,/wiki/Bill_Clinton,People,Political leaders,,,,United States,,
26,Joseph Stalin,60,/wiki/Joseph_Stalin,People,Political leaders,,,,Soviet Union,,
27,Elizabeth I,58,/wiki/Elizabeth_I,People,Political leaders,,,,United Kingdom,,
28,George H. W. Bush,57,/wiki/George_H._W._Bush,People,Political leaders,,,,United States,,
29,Alexander Hamilton,56,/wiki/Alexander_Hamilton,People,Political leaders,,,,United States,,
29,Edward VIII,56,/wiki/Edward_VIII,People,Political leaders,,,,United Kingdom,,
29,Margaret Thatcher,56,/wiki/Margaret_Thatcher,People,Political leaders,,,,United Kingdom,,
1,Jesus,59,/wiki/Jesus,People,Pre-modern people,,,,,4 BC − 30/33 AD,
2,Alexander the Great,55,/wiki/Alexander_the_Great,People,Pre-modern people,,,,,356 – 323 BC,
3,Muhammad,51,/wiki/Muhammad,People,Pre-modern people,,,,,570 – 623 AD,
4,Julius Caesar,49,/wiki/Julius_Caesar,People,Pre-modern people,,,,,100 – 44 BC,
5,Genghis Khan,44,/wiki/Genghis_Khan,People,Pre-modern people,,,,,1162 – 1227 AD,
6,Gautama Buddha,37,/wiki/Gautama_Buddha,People,Pre-modern people,,,,,6th – 4th centuries BC,
7,Aristotle,34,/wiki/Aristotle,People,Pre-modern people,,,,,384 – 322 BC,
8,Plato,30,/wiki/Plato,People,Pre-modern people,,,,,428/427 or 424/423 – 348/347 BC,
8,King Arthur [a],30,/wiki/King_Arthur,People,Pre-modern people,,,,,5th – 6th centuries AD,
10,Joan of Arc,29,/wiki/Joan_of_Arc,People,Pre-modern people,,,,,1412 – 1431 AD,
11,Socrates,28,/wiki/Socrates,People,Pre-modern people,,,,,470/469 – 399 BC,
12,Spartacus,27,/wiki/Spartacus,People,Pre-modern people,,,,,111 – 71 BC,
13,Charlemagne,26,/wiki/Charlemagne,People,Pre-modern people,,,,,742/748 – 814 AD,
13,Tutankhamun,26,/wiki/Tutankhamun,People,Pre-modern people,,,,,c. 1341 – c. 1323 BC,
13,Ragnar Lodbrok [a],26,/wiki/Ragnar_Lodbrok,People,Pre-modern people,,,,,9th century AD,
13,Augustus,26,/wiki/Augustus,People,Pre-modern people,,,,,63 BC – AD 14,
17,William Wallace,24,/wiki/William_Wallace,People,Pre-modern people,,,,,1270 – 1305 AD,
17,Moses [b],24,/wiki/Moses,People,Pre-modern people,,,,,14th – 13th centuries BC,
19,Nero,23,/wiki/Nero,People,Pre-modern people,,,,,37 AD – 68 AD,
19,Marco Polo,23,/wiki/Marco_Polo,People,Pre-modern people,,,,,1254 – 1324 AD,
21,Alfred the Great,22,/wiki/Alfred_the_Great,People,Pre-modern people,,,,,c. 848-899 AD,
21,Caligula,22,/wiki/Caligula,People,Pre-modern people,,,,,12 AD – 41 AD,
23,Robin Hood [a],21,/wiki/Robin_Hood,People,Pre-modern people,,,,,12th – 14th centuries AD,
24,Cleopatra[c],20,/wiki/Cleopatra,People,Pre-modern people,,,,,69 – 30 BC,
25,Henry V of England,19,/wiki/Henry_V_of_England,People,Pre-modern people,,,,,1386 – 1422 AD,
25,Hannibal,19,/wiki/Hannibal,People,Pre-modern people,,,,,247 – 183/181 BC,
25,Abraham [b],19,/wiki/Abraham,People,Pre-modern people,,,,,19th – 17th centuries BC,
28,David,18,/wiki/David,People,Pre-modern people,,,,,1010 - 970 BC,
28,Confucius,18,/wiki/Confucius,People,Pre-modern people,,,,,551 – 479 BC,
28,Marcus Aurelius,18,/wiki/Marcus_Aurelius,People,Pre-modern people,,,,,121 - 180 AD,
28,William the Conqueror,18,/wiki/William_the_Conqueror,People,Pre-modern people,,,,,11th century AD,
28,Ashoka,18,/wiki/Ashoka,People,Pre-modern people,,,,,304 – 222 BC,
1,Billie Eilish,52,/wiki/Billie_Eilish,People,3rd-millennium people,,,,,,
2,Millie Bobby Brown ,38,/wiki/Millie_Bobby_Brown,People,3rd-millennium people,,,,,,
3,Willow Smith,24,/wiki/Willow_Smith,People,3rd-millennium people,,,,,,
4,Erling Haaland,18,/wiki/Erling_Haaland,People,3rd-millennium people,,,,,,
5,Maddie Ziegler,17,/wiki/Maddie_Ziegler,People,3rd-millennium people,,,,,,
5,Greta Thunberg,17,/wiki/Greta_Thunberg,People,3rd-millennium people,,,,,,
5,Jojo Siwa,17,/wiki/Jojo_Siwa,People,3rd-millennium people,,,,,,
8,Jenna Ortega,16,/wiki/Jenna_Ortega,People,3rd-millennium people,,,,,,
9,Prince George of Cambridge,15,/wiki/Prince_George_of_Cambridge,People,3rd-millennium people,,,,,,
10,Lil Pump,14,/wiki/Lil_Pump,People,3rd-millennium people,,,,,,
10,Bhad Bhabie,14,/wiki/Bhad_Bhabie,People,3rd-millennium people,,,,,,
10,Noah Cyrus,14,/wiki/Noah_Cyrus,People,3rd-millennium people,,,,,,
13,Finn Wolfhard,13,/wiki/Finn_Wolfhard,People,3rd-millennium people,,,,,,
13,Olivia Rodrigo,13,/wiki/Olivia_Rodrigo,People,3rd-millennium people,,,,,,
13,Gaten Matarazzo,13,/wiki/Gaten_Matarazzo,People,3rd-millennium people,,,,,,
16,Charli D'Amelio,11,/wiki/Charli_D%27Amelio,People,3rd-millennium people,,,,,,
[a],Barron Trump,11,/wiki/Barron_Trump,People,3rd-millennium people,,,,,,
17,Isabela Merced,10,/wiki/Isabela_Merced,People,3rd-millennium people,,,,,,
17,Princess Charlotte of Cambridge,10,/wiki/Princess_Charlotte_of_Cambridge,People,3rd-millennium people,,,,,,
19,Lady Louise Windsor,10,/wiki/Lady_Louise_Windsor,People,3rd-millennium people,,,,,,
20,LaMelo Ball,10,/wiki/LaMelo_Ball,People,3rd-millennium people,,,,,,
20,Zion Williamson,10,/wiki/Zion_Williamson,People,3rd-millennium people,,,,,,
22,Jacob Tremblay,9.5,/wiki/Jacob_Tremblay,People,3rd-millennium people,,,,,,
23,Emma Raducanu,9.3,/wiki/Emma_Raducanu,People,3rd-millennium people,,,,,,
24,Jadon Sancho,9.1,/wiki/Jadon_Sancho,People,3rd-millennium people,,,,,,
25,Mackenzie Foy,8.7,/wiki/Mackenzie_Foy,People,3rd-millennium people,,,,,,
26,Mckenna Grace,8.6,/wiki/Mckenna_Grace,People,3rd-millennium people,,,,,,
27,Jackie Evancho,8.3,/wiki/Jackie_Evancho,People,3rd-millennium people,,,,,,
28,"James, Viscount Severn",8.1,"/wiki/James,_Viscount_Severn",People,3rd-millennium people,,,,,,
29,Yara Shahidi,8.0,/wiki/Yara_Shahidi,People,3rd-millennium people,,,,,,
1,Manchester United F.C.,81,/wiki/Manchester_United_F.C.,Entertainment,Sport teams,,,,,,
2,FC Barcelona,61,/wiki/FC_Barcelona,Entertainment,Sport teams,,,,,,
3,Chelsea F.C.,59,/wiki/Chelsea_F.C.,Entertainment,Sport teams,,,,,,
4,Real Madrid C.F.,57,/wiki/Real_Madrid_C.F.,Entertainment,Sport teams,,,,,,
5,Arsenal F.C.,55,/wiki/Arsenal_F.C.,Entertainment,Sport teams,,,,,,
6,Liverpool F.C.,54,/wiki/Liverpool_F.C.,Entertainment,Sport teams,,,,,,
7,Manchester City F.C.,42,/wiki/Manchester_City_F.C.,Entertainment,Sport teams,,,,,,
8,Tottenham Hotspur F.C.,35,/wiki/Tottenham_Hotspur_F.C.,Entertainment,Sport teams,,,,,,
8,Brazil national football team,35,/wiki/Brazil_national_football_team,Entertainment,Sport teams,,,,,,
10,England national football team,34,/wiki/England_national_football_team,Entertainment,Sport teams,,,,,,
11,Juventus F.C.,33,/wiki/Juventus_F.C.,Entertainment,Sport teams,,,,,,
12,A.C. Milan,32,/wiki/A.C._Milan,Entertainment,Sport teams,,,,,,
13,FC Bayern Munich,30,/wiki/FC_Bayern_Munich,Entertainment,Sport teams,,,,,,
14,Paris Saint-Germain F.C.,29,/wiki/Paris_Saint-Germain_F.C.,Entertainment,Sport teams,,,,,,
14,Germany national football team,29,/wiki/Germany_national_football_team,Entertainment,Sport teams,,,,,,
14,Argentina national football team,29,/wiki/Argentina_national_football_team,Entertainment,Sport teams,,,,,,
17,New England Patriots,28,/wiki/New_England_Patriots,Entertainment,Sport teams,,,,,,
18,Los Angeles Lakers,27,/wiki/Los_Angeles_Lakers,Entertainment,Sport teams,,,,,,
19,France national football team,26,/wiki/France_national_football_team,Entertainment,Sport teams,,,,,,
20,Spain national football team,25,/wiki/Spain_national_football_team,Entertainment,Sport teams,,,,,,
21,Golden State Warriors,24,/wiki/Golden_State_Warriors,Entertainment,Sport teams,,,,,,
22,Borussia Dortmund,23,/wiki/Borussia_Dortmund,Entertainment,Sport teams,,,,,,
23,Italy national football team,21,/wiki/Italy_national_football_team,Entertainment,Sport teams,,,,,,
24,Leicester F.C.,20,/wiki/Leicester_F.C.,Entertainment,Sport teams,,,,,,
24,Newcastle United F.C.,20,/wiki/Newcastle_United_F.C.,Entertainment,Sport teams,,,,,,
24,West Ham United F.C.,20,/wiki/West_Ham_United_F.C.,Entertainment,Sport teams,,,,,,
24,Inter Milan,20,/wiki/Inter_Milan,Entertainment,Sport teams,,,,,,
24,Rangers F.C.,20,/wiki/Rangers_F.C.,Entertainment,Sport teams,,,,,,
29,New York Yankees,19,/wiki/New_York_Yankees,Entertainment,Sport teams,,,,,,
29,Green Bay Packers,19,/wiki/Green_Bay_Packers,Entertainment,Sport teams,,,,,,
29,Aston Villa F.C.,19,/wiki/Aston_Villa_F.C.,Entertainment,Sport teams,,,,,,
1,Game of Thrones[43],122,/wiki/Game_of_Thrones,Entertainment,Films and TV series,,,,,,
2,The Big Bang Theory[44],103,/wiki/The_Big_Bang_Theory,Entertainment,Films and TV series,,,,,,
3,Star Wars,94,/wiki/Star_Wars,Entertainment,Films and TV series,,,,,,
4,The Walking Dead,90,/wiki/The_Walking_Dead_(TV_series),Entertainment,Films and TV series,,,,,,
5,How I Met Your Mother,85,/wiki/How_I_Met_Your_Mother,Entertainment,Films and TV series,,,,,,
6,Breaking Bad,84,/wiki/Breaking_Bad,Entertainment,Films and TV series,,,,,,
7,Grey's Anatomy,74,/wiki/Grey%27s_Anatomy,Entertainment,Films and TV series,,,,,,
8,Glee,72,/wiki/Glee_(TV_series),Entertainment,Films and TV series,,,,,,
9,Doctor Who,71,/wiki/Doctor_Who,Entertainment,Films and TV series,,,,,,
10,Harry Potter,62,/wiki/Harry_Potter_(film_series),Entertainment,Films and TV series,,,,,,
10,Friends,62,/wiki/Friends,Entertainment,Films and TV series,,,,,,
12,Avatar,61,/wiki/Avatar_(2009_film),Entertainment,Films and TV series,,,,,,
13,The Avengers,60,/wiki/The_Avengers_(2012_film),Entertainment,Films and TV series,,,,,,
14,Naruto,59,/wiki/Naruto,Entertainment,Films and TV series,,,,,,
14,Avengers: Endgame,59,/wiki/Avengers:_Endgame,Entertainment,Films and TV series,,,,,,
16,Lost,56,/wiki/Lost_(TV_series),Entertainment,Films and TV series,,,,,,
17,Family Guy,55,/wiki/Family_Guy,Entertainment,Films and TV series,,,,,,
18,Dexter,54,/wiki/Dexter_(TV_series),Entertainment,Films and TV series,,,,,,
19,Titanic ,53,/wiki/Titanic_(1997_film),Entertainment,Films and TV series,,,,,,
19,House,53,/wiki/House_(TV_series),Entertainment,Films and TV series,,,,,,
21,Avengers: Infinity War,52,/wiki/Avengers:_Infinity_War,Entertainment,Films and TV series,,,,,,
21,Stranger Things,52,/wiki/Stranger_Things,Entertainment,Films and TV series,,,,,,
21,The Vampire Diaries,52,/wiki/The_Vampire_Diaries,Entertainment,Films and TV series,,,,,,
24,American Horror Story,51,/wiki/American_Horror_Story,Entertainment,Films and TV series,,,,,,
24,X-Men: Evolution,51,/wiki/X-Men:_Evolution,Entertainment,Films and TV series,,,,,,
26,The Simpsons,50,/wiki/The_Simpsons,Entertainment,Films and TV series,,,,,,
26,The Dark Knight Rises,50,/wiki/The_Dark_Knight_Rises,Entertainment,Films and TV series,,,,,,
28,Sherlock,49,/wiki/Sherlock_(TV_series),Entertainment,Films and TV series,,,,,,
28,Sons of Anarchy,49,/wiki/Sons_of_Anarchy,Entertainment,Films and TV series,,,,,,
28,Modern Family,49,/wiki/Modern_Family,Entertainment,Films and TV series,,,,,,
28,NCIS,49,/wiki/NCIS_(TV_series),Entertainment,Films and TV series,,,,,,
1,The Beatles,116,/wiki/The_Beatles,Entertainment,Music bands,,,,,,
2,One Direction,63,/wiki/One_Direction,Entertainment,Music bands,,,,,,
2,BTS,63,/wiki/BTS,Entertainment,Music bands,,,,,,
4,Queen,56,/wiki/Queen_(band),Entertainment,Music bands,,,,,,
5,Pink Floyd,51,/wiki/Pink_Floyd,Entertainment,Music bands,,,,,,
6,Metallica,50,/wiki/Metallica,Entertainment,Music bands,,,,,,
7,Linkin Park,47,/wiki/Linkin_Park,Entertainment,Music bands,,,,,,
8,Exo,45,/wiki/Exo,Entertainment,Music bands,,,,,,
8,Led Zeppelin,45,/wiki/Led_Zeppelin,Entertainment,Music bands,,,,,,
10,Red Hot Chili Peppers,44,/wiki/Red_Hot_Chili_Peppers,Entertainment,Music bands,,,,,,
11,AC/DC,42,/wiki/AC/DC,Entertainment,Music bands,,,,,,
12,The Rolling Stones,39,/wiki/The_Rolling_Stones,Entertainment,Music bands,,,,,,
13,Coldplay,37,/wiki/Coldplay,Entertainment,Music bands,,,,,,
14,Fleetwood Mac,35,/wiki/Fleetwood_Mac,Entertainment,Music bands,,,,,,
14,Daft Punk,35,/wiki/Daft_Punk,Entertainment,Music bands,,,,,,
14,Slipknot,35,/wiki/Slipknot_(band),Entertainment,Music bands,,,,,,
17,Nirvana,34,/wiki/Nirvana_(band),Entertainment,Music bands,,,,,,
18,ABBA,33,/wiki/ABBA,Entertainment,Music bands,,,,,,
18,Spice Girls,33,/wiki/Spice_Girls,Entertainment,Music bands,,,,,,
18,Jonas Brothers,33,/wiki/Jonas_Brothers,Entertainment,Music bands,,,,,,
18,Green Day,33,/wiki/Green_Day,Entertainment,Music bands,,,,,,
18,Guns N' Roses,33,/wiki/Guns_N%27_Roses,Entertainment,Music bands,,,,,,
23,Bee Gees,32,/wiki/Bee_Gees,Entertainment,Music bands,,,,,,
24,Foo Fighters,31,/wiki/Foo_Fighters,Entertainment,Music bands,,,,,,
24,Iron Maiden,31,/wiki/Iron_Maiden,Entertainment,Music bands,,,,,,
24,Gorillaz,31,/wiki/Gorillaz,Entertainment,Music bands,,,,,,
24,Backstreet Boys,31,/wiki/Backstreet_Boys,Entertainment,Music bands,,,,,,
28,Kiss,30,/wiki/Kiss_(band),Entertainment,Music bands,,,,,,
29,Girls' Generation,29,/wiki/Girls%27_Generation,Entertainment,Music bands,,,,,,
29,N.W.A,29,/wiki/N.W.A,Entertainment,Music bands,,,,,,
1,Sgt. Pepper's Lonely Hearts Club Band[45],18,/wiki/Sgt._Pepper%27s_Lonely_Hearts_Club_Band,Entertainment,Albums,,,,,,Beatles
2,The Dark Side of the Moon,17,/wiki/The_Dark_Side_of_the_Moon,Entertainment,Albums,,,,,,Pink Floyd
3,Thriller[46],16,/wiki/Thriller_(Michael_Jackson_album),Entertainment,Albums,,,,,,Michael Jackson
4,Recovery[47],15,/wiki/Recovery_(Eminem_album),Entertainment,Albums,,,,,,Eminem
4,My Beautiful Dark Twisted Fantasy,15,/wiki/My_Beautiful_Dark_Twisted_Fantasy,Entertainment,Albums,,,,,,Kanye West
4,Abbey Road,15,/wiki/Abbey_Road,Entertainment,Albums,,,,,,Beatles
4,The Beatles,15,/wiki/The_Beatles_(album),Entertainment,Albums,,,,,,Beatles
8,XXXX (album),14,/wiki/XXXX_(album),Entertainment,Albums,,,,,,You Say Party
8,The Wall,14,/wiki/The_Wall,Entertainment,Albums,,,,,,Pink Floyd
10,21,13,/wiki/21_(Adele_album),Entertainment,Albums,,,,,,Adele
11,Nevermind,12,/wiki/Nevermind,Entertainment,Albums,,,,,,Nirvana
11,Let It Be (Beatles album),12,/wiki/Let_It_Be_(Beatles_album),Entertainment,Albums,,,,,,Beatles
13,The Marshall Mathers LP,11,/wiki/The_Marshall_Mathers_LP,Entertainment,Albums,,,,,,Eminem
13,Watch the Throne,11,/wiki/Watch_the_Throne,Entertainment,Albums,,,,,,Jay-Z & Kanye West
15,Led Zeppelin IV,10,/wiki/Led_Zeppelin_IV,Entertainment,Albums,,,,,,Led Zeppelin
16,808s & Heartbreak,9.5,/wiki/808s_%26_Heartbreak,Entertainment,Albums,,,,,,Kanye West
17,1989,9.4,/wiki/1989_(Taylor_Swift_album),Entertainment,Albums,,,,,,Taylor Swift
18,Rubber Soul,9.3,/wiki/Rubber_Soul,Entertainment,Albums,,,,,,Beatles
19,Red,9.2,/wiki/Red_(Taylor_Swift_album),Entertainment,Albums,,,,,,Taylor Swift
20,Fearless,9.0,/wiki/Fearless_(Taylor_Swift_album),Entertainment,Albums,,,,,,Taylor Swift
20,Metallica,9.0,/wiki/Metallica_(album),Entertainment,Albums,,,,,,Metallica
22,The Slim Shady LP,8.8,/wiki/The_Slim_Shady_LP,Entertainment,Albums,,,,,,Eminem
22,Graduation,8.8,/wiki/Graduation_(album),Entertainment,Albums,,,,,,Kanye West
24,The Eminem Show,8.7,/wiki/The_Eminem_Show,Entertainment,Albums,,,,,,Eminem
25,Wish You Were Here,8.5,/wiki/Wish_You_Were_Here_(Pink_Floyd_album),Entertainment,Albums,,,,,,Pink Floyd
25,Teenage Dream,8.5,/wiki/Teenage_Dream_(Katy_Perry_album),Entertainment,Albums,,,,,,Katy Perry
25,"Good Kid, M.A.A.D City",8.5,"/wiki/Good_Kid,_M.A.A.D_City",Entertainment,Albums,,,,,,Kendrick Lamar
28,Bad,8.4,/wiki/Bad_(album),Entertainment,Albums,,,,,,Michael Jackson
28,Yeezus,8.4,/wiki/Yeezus,Entertainment,Albums,,,,,,Kanye West
30,25 (Adele album),8.3,/wiki/25_(Adele_album),Entertainment,Albums,,,,,,Adele
30,Hybrid Theory,8.3,/wiki/Hybrid_Theory,Entertainment,Albums,,,,,,Linkin Park
1,Gangnam Style,22,/wiki/Gangnam_Style,Entertainment,Singles,,,,,,PSY
2,Bohemian Rhapsody,18,/wiki/Bohemian_Rhapsody,Entertainment,Singles,,,,,,Queen
3, Hallelujah,14,/wiki/Hallelujah_(Leonard_Cohen_song),Entertainment,Singles,,,,,,Leonard Cohen
4,We Are the World,13,/wiki/We_Are_the_World,Entertainment,Singles,,,,,,USA for Africa
5,Amazing Grace,10,/wiki/Amazing_Grace,Entertainment,Singles,,,,,,various artists
6,Supercalifragilisticexpialidocious,9.6,/wiki/Supercalifragilisticexpialidocious,Entertainment,Singles,,,,,,Julie Andrews & Dick Van Dyke
6,Stairway to Heaven,9.6,/wiki/Stairway_to_Heaven,Entertainment,Singles,,,,,,Led Zeppelin
8,Hotel California,9.3,/wiki/Hotel_California,Entertainment,Singles,,,,,,Eagles
10,American Pie,9.2,/wiki/American_Pie_(song),Entertainment,Singles,,,,,,Don McLean
9,Despacito,9.1,/wiki/Despacito,Entertainment,Singles,,,,,,Luis Fonsi
11,Hey Jude,8.4,/wiki/Hey_Jude,Entertainment,Singles,,,,,,Beatles
12,The Sound of Silence,7.8,/wiki/The_Sound_of_Silence,Entertainment,Singles,,,,,,Simon & Garfunkel
13,Stan,7.5,/wiki/Stan_(song),Entertainment,Singles,,,,,,Eminem
14,We Didn't Start the Fire,7.3,/wiki/We_Didn%27t_Start_the_Fire,Entertainment,Singles,,,,,,Billy Joel
15,Billie Jean,7.1,/wiki/Billie_Jean,Entertainment,Singles,,,,,,Michael Jackson
15,I Will Always Love You,7.1,/wiki/I_Will_Always_Love_You,Entertainment,Singles,,,,,,Whitney Houston
17,Blurred Lines,6.7,/wiki/Blurred_Lines,Entertainment,Singles,,,,,,Robin Thicke
17,Hurt,6.7,/wiki/Hurt_(Nine_Inch_Nails_song),Entertainment,Singles,,,,,,Nine Inch Nails
17,Hello,6.7,/wiki/Hello_(Adele_song),Entertainment,Singles,,,,,,Adele
20,Never Gonna Give You Up,6.5,/wiki/Never_Gonna_Give_You_Up,Entertainment,Singles,,,,,,Rick Astley
21,In the Air Tonight,6.2,/wiki/In_the_Air_Tonight,Entertainment,Singles,,,,,,Phil Collins
22,The House of the Rising Sun,5.9,/wiki/The_House_of_the_Rising_Sun,Entertainment,Singles,,,,,,The Animals
23,Beat It,5.8,/wiki/Beat_It,Entertainment,Singles,,,,,,Michael Jackson
23,Baby,5.8,/wiki/Baby_(Justin_Bieber_song),Entertainment,Singles,,,,,,Justin Bieber
25,All I Want for Christmas Is You,5.7,/wiki/All_I_Want_for_Christmas_Is_You,Entertainment,Singles,,,,,,Mariah Carey
26,Killing Me Softly with His Song,5.6,/wiki/Killing_Me_Softly_with_His_Song,Entertainment,Singles,,,,,,Roberta Flack
27,Blinded by the Light,5.5,/wiki/Blinded_by_the_Light,Entertainment,Singles,,,,,,Manfred Mann's Earth Band
27,Old Town Road,5.5,/wiki/Old_Town_Road,Entertainment,Singles,,,,,,Lil Nas X
27,Layla,5.5,/wiki/Layla,Entertainment,Singles,,,,,,Eric Clapton
30,Africa,5.4,/wiki/Africa_(Toto_song),Entertainment,Singles,,,,,,Toto
1,Minecraft,46,/wiki/Minecraft,Entertainment,Video games,,,,,,
2,Grand Theft Auto V,34,/wiki/Grand_Theft_Auto_V,Entertainment,Video games,,,,,,
3,Grand Theft Auto IV,25,/wiki/Grand_Theft_Auto_IV,Entertainment,Video games,,,,,,
4,Sword Art Online,21,/wiki/Sword_Art_Online,Entertainment,Video games,,,,,,
5,Roblox,19,/wiki/Roblox,Entertainment,Video games,,,,,,
5,Code Geass,19,/wiki/Code_Geass,Entertainment,Video games,,,,,,
7,League of Legends,17,/wiki/League_of_Legends,Entertainment,Video games,,,,,,
8,Cyberpunk 2077,15,/wiki/Cyberpunk_2077,Entertainment,Video games,,,,,,
8,Red Dead Redemption 2,15,/wiki/Red_Dead_Redemption_2,Entertainment,Video games,,,,,,
10,The Last of Us,14,/wiki/The_Last_of_Us,Entertainment,Video games,,,,,,
11,Pokémon Go,13,/wiki/Pok%C3%A9mon_Go,Entertainment,Video games,,,,,,
12,The Witcher 3: Wild Hunt,12,/wiki/The_Witcher_3:_Wild_Hunt,Entertainment,Video games,,,,,,
12,Death Stranding,12,/wiki/Death_Stranding,Entertainment,Video games,,,,,,
12,The Last of Us Part II,12,/wiki/The_Last_of_Us_Part_II,Entertainment,Video games,,,,,,
15,High School DxD,11,/wiki/High_School_DxD,Entertainment,Video games,,,,,,
15,God of War (2018 video game),11,/wiki/God_of_War_(2018_video_game),Entertainment,Video games,,,,,,
17,Horizon Zero Dawn,10,/wiki/Horizon_Zero_Dawn,Entertainment,Video games,,,,,,
17,Grand Theft Auto: San Andreas,10,/wiki/Grand_Theft_Auto:_San_Andreas,Entertainment,Video games,,,,,,
19,Fallout 4,9.5,/wiki/Fallout_4,Entertainment,Video games,,,,,,
19,Until Dawn,9.5,/wiki/Until_Dawn,Entertainment,Video games,,,,,,
21,Resident Evil 7: Biohazard,9.3,/wiki/Resident_Evil_7:_Biohazard,Entertainment,Video games,,,,,,
22,Red Dead Redemption,9.1,/wiki/Red_Dead_Redemption,Entertainment,Video games,,,,,,
23,Batman: Arkham Knight,8.9,/wiki/Batman:_Arkham_Knight,Entertainment,Video games,,,,,,
24,The Legend of Zelda: Breath of the Wild,8.6,/wiki/The_Legend_of_Zelda:_Breath_of_the_Wild,Entertainment,Video games,,,,,,
25,World of Warcraft,8.5,/wiki/World_of_Warcraft,Entertainment,Video games,,,,,,
26,The Elder Scrolls V: Skyrim,8.4,/wiki/The_Elder_Scrolls_V:_Skyrim,Entertainment,Video games,,,,,,
27,Among Us,8.3,/wiki/Among_Us,Entertainment,Video games,,,,,,
27,Persona 5,8.3,/wiki/Persona_5,Entertainment,Video games,,,,,,
29,Final Fantasy XV,8.1,/wiki/Final_Fantasy_XV,Entertainment,Video games,,,,,,
29,No Man's Sky,8.1,/wiki/No_Man%27s_Sky,Entertainment,Video games,,,,,,
29,Metal Gear Solid V: The Phantom Pain,8.1,/wiki/Metal_Gear_Solid_V:_The_Phantom_Pain,Entertainment,Video games,,,,,,
1,Harry Potter,90,/wiki/Harry_Potter,Entertainment,Books and book series,,,,,,
2,A Song of Ice and Fire,56,/wiki/A_Song_of_Ice_and_Fire,Entertainment,Books and book series,,,,,,
3,Fifty Shades of Grey,52,/wiki/Fifty_Shades_of_Grey,Entertainment,Books and book series,,,,,,
4,The Hunger Games,51,/wiki/The_Hunger_Games,Entertainment,Books and book series,,,,,,
5,The Great Gatsby,38,/wiki/The_Great_Gatsby,Entertainment,Books and book series,,,,,,
5,Nineteen Eighty-Four,38,/wiki/Nineteen_Eighty-Four,Entertainment,Books and book series,,,,,,
7,The Lord of the Rings,37,/wiki/The_Lord_of_the_Rings,Entertainment,Books and book series,,,,,,
8,A Game of Thrones,29,/wiki/A_Game_of_Thrones,Entertainment,Books and book series,,,,,,
8,Kama Sutra,29,/wiki/Kama_Sutra,Entertainment,Books and book series,,,,,,
8,The Handmaid's Tale,29,/wiki/The_Handmaid%27s_Tale,Entertainment,Books and book series,,,,,,
8,To Kill a Mockingbird,29,/wiki/To_Kill_a_Mockingbird,Entertainment,Books and book series,,,,,,
12,Magna Carta,27,/wiki/Magna_Carta,Entertainment,Books and book series,,,,,,
12,Les Misérables,27,/wiki/Les_Mis%C3%A9rables,Entertainment,Books and book series,,,,,,
14,Alice's Adventures in Wonderland,26,/wiki/Alice%27s_Adventures_in_Wonderland,Entertainment,Books and book series,,,,,,
14,Pride and Prejudice,26,/wiki/Pride_and_Prejudice,Entertainment,Books and book series,,,,,,
14,The Winds of Winter,26,/wiki/The_Winds_of_Winter,Entertainment,Books and book series,,,,,,
17,Watchmen,25,/wiki/Watchmen,Entertainment,Books and book series,,,,,,
17,Inferno,25,/wiki/Inferno_(Dante),Entertainment,Books and book series,,,,,,
19,The Catcher in the Rye,24,/wiki/The_Catcher_in_the_Rye,Entertainment,Books and book series,,,,,,
20,Lolita,23,/wiki/Lolita,Entertainment,Books and book series,,,,,,
20,Dune,23,/wiki/Dune_(novel),Entertainment,Books and book series,,,,,,
20,Harry Potter and the Deathly Hallows,23,/wiki/Harry_Potter_and_the_Deathly_Hallows,Entertainment,Books and book series,,,,,,
23,Animal Farm,22,/wiki/Animal_Farm,Entertainment,Books and book series,,,,,,
23,Frankenstein,22,/wiki/Frankenstein,Entertainment,Books and book series,,,,,,
23,The Girl with the Dragon Tattoo,22,/wiki/The_Girl_with_the_Dragon_Tattoo,Entertainment,Books and book series,,,,,,
23,Brave New World,22,/wiki/Brave_New_World,Entertainment,Books and book series,,,,,,
27,Don Quixote,21,/wiki/Don_Quixote,Entertainment,Books and book series,,,,,,
27,The Hobbit,21,/wiki/The_Hobbit,Entertainment,Books and book series,,,,,,
27,The Picture of Dorian Gray,21,/wiki/The_Picture_of_Dorian_Gray,Entertainment,Books and book series,,,,,,
30,Bible[48],20,/wiki/Bible,Entertainment,Books and book series,,,,,,
30,Dracula,20,/wiki/Dracula,Entertainment,Books and book series,,,,,,
30,It,20,/wiki/It_(novel),Entertainment,Books and book series,,,,,,
1,Mein Kampf,21,/wiki/Mein_Kampf,Entertainment,Science books,,,,,,
2,The Art of War,13,/wiki/The_Art_of_War,Entertainment,Science books,,,,,,
3,The Prince,8.9,/wiki/The_Prince,Entertainment,Science books,,,,,,
4,The Communist Manifesto,8.2,/wiki/The_Communist_Manifesto,Entertainment,Science books,,,,,,
5,The 48 Laws of Power,7.5,/wiki/The_48_Laws_of_Power,Entertainment,Science books,,,,,,
6,How to Win Friends and Influence People,7.3,/wiki/How_to_Win_Friends_and_Influence_People,Entertainment,Science books,,,,,,
7,On the Origin of Species,6.5,/wiki/On_the_Origin_of_Species,Entertainment,Science books,,,,,,
8,Leviathan[49],6.0,/wiki/Leviathan_(Hobbes_book),Entertainment,Science books,,,,,,
9,The Wealth of Nations,5.9,/wiki/The_Wealth_of_Nations,Entertainment,Science books,,,,,,
10,Rich Dad Poor Dad,5.4,/wiki/Rich_Dad_Poor_Dad,Entertainment,Science books,,,,,,
11,The 7 Habits of Highly Effective People,5.3,/wiki/The_7_Habits_of_Highly_Effective_People,Entertainment,Science books,,,,,,
12,Design Patterns,5.1,/wiki/Design_Patterns,Entertainment,Science books,,,,,,
13,Getting Things Done,5.0,/wiki/Getting_Things_Done,Entertainment,Science books,,,,,,
14,Outliers,4.9,/wiki/Outliers_(book),Entertainment,Science books,,,,,,
14,A Brief History of Time,4.9,/wiki/A_Brief_History_of_Time,Entertainment,Science books,,,,,,
14,The Bell Curve,4.9,/wiki/The_Bell_Curve,Entertainment,Science books,,,,,,
17,"Guns, Germs, and Steel",4.5,"/wiki/Guns,_Germs,_and_Steel",Entertainment,Science books,,,,,,
18,The Big Short,4.4,/wiki/The_Big_Short,Entertainment,Science books,,,,,,
19,Gray's Anatomy,4.2,/wiki/Gray%27s_Anatomy,Entertainment,Science books,,,,,,
19,Silent Spring,4.2,/wiki/Silent_Spring,Entertainment,Science books,,,,,,
21,Sapiens: A Brief History of Humankind,4.0,/wiki/Sapiens:_A_Brief_History_of_Humankind,Entertainment,Science books,,,,,,
22,Freakonomics,3.9,/wiki/Freakonomics,Entertainment,Science books,,,,,,
23,Blue Ocean Strategy,3.8,/wiki/Blue_Ocean_Strategy,Entertainment,Science books,,,,,,
24,The Tipping Point,3.6,/wiki/The_Tipping_Point,Entertainment,Science books,,,,,,
25,Journey to the Center of the Earth,3.5,/wiki/Journey_to_the_Center_of_the_Earth,Entertainment,Science books,,,,,,
25,Das Kapital,3.5,/wiki/Das_Kapital,Entertainment,Science books,,,,,,
27,"Men Are from Mars, Women Are from Venus",3.4,"/wiki/Men_Are_from_Mars,_Women_Are_from_Venus",Entertainment,Science books,,,,,,
28,Think and Grow Rich,3.3,/wiki/Think_and_Grow_Rich,Entertainment,Science books,,,,,,
29,Guerrilla marketing,3.2,/wiki/Guerrilla_marketing,Entertainment,Science books,,,,,,
29,The World Is Flat,3.2,/wiki/The_World_Is_Flat,Entertainment,Science books,,,,,,
29,Who Moved My Cheese?,3.2,/wiki/Who_Moved_My_Cheese%3F,Entertainment,Science books,,,,,,
29,Foundations of Geopolitics,3.2,/wiki/Foundations_of_Geopolitics,Entertainment,Science books,,,,,,
29,Clash of Civilizations,3.2,/wiki/Clash_of_Civilizations,Entertainment,Science books,,,,,,
1,Kama Sutra,29,/wiki/Kama_Sutra,Entertainment,Pre-modern books and texts,,,,,,
2,Magna Carta,27,/wiki/Magna_Carta,Entertainment,Pre-modern books and texts,,,,,,
3,Inferno (Dante),25,/wiki/Inferno_(Dante),Entertainment,Pre-modern books and texts,,,,,,
4,Bible[a],20,/wiki/Bible,Entertainment,Pre-modern books and texts,,,,,,
5,Quran,19,/wiki/Quran,Entertainment,Pre-modern books and texts,,,,,,
5,Odyssey,19,/wiki/Odyssey,Entertainment,Pre-modern books and texts,,,,,,
7,Beowulf,18,/wiki/Beowulf,Entertainment,Pre-modern books and texts,,,,,,
7,Rosetta Stone,18,/wiki/Rosetta_Stone,Entertainment,Pre-modern books and texts,,,,,,
7,Mahabharata,18,/wiki/Mahabharata,Entertainment,Pre-modern books and texts,,,,,,
10,Divine Comedy,16,/wiki/Divine_Comedy,Entertainment,Pre-modern books and texts,,,,,,
10,Iliad,16,/wiki/Iliad,Entertainment,Pre-modern books and texts,,,,,,
12,Ramayana,14,/wiki/Ramayana,Entertainment,Pre-modern books and texts,,,,,,
13,The Art of War,13,/wiki/The_Art_of_War,Entertainment,Pre-modern books and texts,,,,,,
13,Epic of Gilgamesh,13,/wiki/Epic_of_Gilgamesh,Entertainment,Pre-modern books and texts,,,,,,
15,Vedas,12,/wiki/Vedas,Entertainment,Pre-modern books and texts,,,,,,
15,The Canterbury Tales,12,/wiki/The_Canterbury_Tales,Entertainment,Pre-modern books and texts,,,,,,
17,One Thousand and One Nights,11,/wiki/One_Thousand_and_One_Nights,Entertainment,Pre-modern books and texts,,,,,,
18,Talmud,10,/wiki/Talmud,Entertainment,Pre-modern books and texts,,,,,,
18,Code of Hammurabi,10,/wiki/Code_of_Hammurabi,Entertainment,Pre-modern books and texts,,,,,,
[b],Book of Revelation,8.4,/wiki/Book_of_Revelation,Entertainment,Pre-modern books and texts,,,,,,
20,Oedipus the King,7.6,/wiki/Oedipus_the_King,Entertainment,Pre-modern books and texts,,,,,,
21,I Ching,7.5,/wiki/I_Ching,Entertainment,Pre-modern books and texts,,,,,,
22,Aeneid,6.7,/wiki/Aeneid,Entertainment,Pre-modern books and texts,,,,,,
22,Rigveda,6.7,/wiki/Rigveda,Entertainment,Pre-modern books and texts,,,,,,
24,Voynich manuscript[c],6.4,/wiki/Voynich_manuscript,Entertainment,Pre-modern books and texts,,,,,,
25,Book of the Dead,6.3,/wiki/Book_of_the_Dead,Entertainment,Pre-modern books and texts,,,,,,
26,Domesday Book,6.2,/wiki/Domesday_Book,Entertainment,Pre-modern books and texts,,,,,,
[b],Book of Job,6.1,/wiki/Book_of_Job,Entertainment,Pre-modern books and texts,,,,,,
[b],Book of Kells,6.0,/wiki/Book_of_Kells,Entertainment,Pre-modern books and texts,,,,,,
27,Tao Te Ching,5.9,/wiki/Tao_Te_Ching,Entertainment,Pre-modern books and texts,,,,,,
28,Upanishads,5.7,/wiki/Upanishads,Entertainment,Pre-modern books and texts,,,,,,
[b],Book of Genesis[c],5.2,/wiki/Book_of_Genesis,Entertainment,Pre-modern books and texts,,,,,,
29,Cupid and Psyche,4.7,/wiki/Cupid_and_Psyche,Entertainment,Pre-modern books and texts,,,,,,
[b],Acts of the Apostles,4.1,/wiki/Acts_of_the_Apostles,Entertainment,Pre-modern books and texts,,,,,,
30,The Decameron,4.0,/wiki/The_Decameron,Entertainment,Pre-modern books and texts,,,,,,
1,Darth Vader,93,/wiki/Darth_Vader,Entertainment,Legendary Creatures,,,,,,
2,Batman,58,/wiki/Batman,Entertainment,Legendary Creatures,,,,,,
3,Spider-Man,44,/wiki/Spider-Man,Entertainment,Legendary Creatures,,,,,,
4,Deadpool,40,/wiki/Deadpool,Entertainment,Legendary Creatures,,,,,,
5,Iron Man,35,/wiki/Iron_Man,Entertainment,Legendary Creatures,,,,,,
6,Captain America,34,/wiki/Captain_America,Entertainment,Legendary Creatures,,,,,,
7,Harley Quinn,28,/wiki/Harley_Quinn,Entertainment,Legendary Creatures,,,,,,
8,Santa Claus,27,/wiki/Santa_Claus,Entertainment,Legendary Creatures,,,,,,
9,God,25,/wiki/God,Entertainment,Legendary Creatures,,,,,,
10,Vampire,24,/wiki/Vampire,Entertainment,Legendary Creatures,,,,,,
10,Cthulhu,24,/wiki/Cthulhu,Entertainment,Legendary Creatures,,,,,,
10,Prometheus,24,/wiki/Prometheus,Entertainment,Legendary Creatures,,,,,,
10,Apollo,24,/wiki/Apollo,Entertainment,Legendary Creatures,,,,,,
10,Thanos,24,/wiki/Thanos,Entertainment,Legendary Creatures,,,,,,
10,Krishna,24,/wiki/Krishna,Entertainment,Legendary Creatures,,,,,,
10,Mickey Mouse,24,/wiki/Mickey_Mouse,Entertainment,Legendary Creatures,,,,,,
17,Jessica Jones,22,/wiki/Jessica_Jones,Entertainment,Legendary Creatures,,,,,,
17,Frankenstein,22,/wiki/Frankenstein,Entertainment,Legendary Creatures,,,,,,
17,Doctor Strange,22,/wiki/Doctor_Strange,Entertainment,Legendary Creatures,,,,,,
17,Satan,22,/wiki/Satan,Entertainment,Legendary Creatures,,,,,,
21,Mario,21,/wiki/Mario,Entertainment,Legendary Creatures,,,,,,
22,Thor,20,/wiki/Thor,Entertainment,Legendary Creatures,,,,,,
22,Dragon,20,/wiki/Dragon,Entertainment,Legendary Creatures,,,,,,
22,Flying Spaghetti Monster,20,/wiki/Flying_Spaghetti_Monster,Entertainment,Legendary Creatures,,,,,,
22,Godzilla,20,/wiki/Godzilla,Entertainment,Legendary Creatures,,,,,,
26,Lord Voldemort,19,/wiki/Lord_Voldemort,Entertainment,Legendary Creatures,,,,,,
26,Chupacabra,19,/wiki/Chupacabra,Entertainment,Legendary Creatures,,,,,,
26,Albus Dumbledore,19,/wiki/Albus_Dumbledore,Entertainment,Legendary Creatures,,,,,,
29,Luke Cage,18,/wiki/Luke_Cage,Entertainment,Legendary Creatures,,,,,,
30,Isis,17,/wiki/Isis,Entertainment,Legendary Creatures,,,,,,
30,Doppelgänger,17,/wiki/Doppelg%C3%A4nger,Entertainment,Legendary Creatures,,,,,,
30,Carol Danvers,17,/wiki/Carol_Danvers,Entertainment,Legendary Creatures,,,,,,
30,Wonder Woman,17,/wiki/Wonder_Woman,Entertainment,Legendary Creatures,,,,,,
1,World War II,145,/wiki/World_War_II,Events,,,,,,,
2,World War I,121,/wiki/World_War_I,Events,,,,,,,
3,September 11 attacks,94,/wiki/September_11_attacks,Events,,,,,,,
4,COVID-19 pandemic,87,/wiki/COVID-19_pandemic,Events,,,,,,,
4,Chernobyl disaster,85,/wiki/Chernobyl_disaster,Events,,,,,,,
6,Vietnam War,82,/wiki/Vietnam_War,Events,,,,,,,
7,Titanic,80,/wiki/Titanic,Events,,,,,,,
8,American Civil War,71,/wiki/American_Civil_War,Events,,,,,,,
9,2018 FIFA World Cup,66,/wiki/2018_FIFA_World_Cup,Events,,,,,,,
10,2022 FIFA World Cup,55,/wiki/2022_FIFA_World_Cup,Events,,,,,,,
11,Atomic bombings of Hiroshima and Nagasaki,54,/wiki/Atomic_bombings_of_Hiroshima_and_Nagasaki,Events,,,,,,,
12,2022 Russian invasion of Ukraine,50,/wiki/2022_Russian_invasion_of_Ukraine,Events,,,,,,,
12,Cold War,49,/wiki/Cold_War,Events,,,,,,,
14,Black Death,48,/wiki/Black_Death,Events,,,,,,,
15,The Holocaust,47,/wiki/The_Holocaust,Events,,,,,,,
16,Attack on Pearl Harbor,46,/wiki/Attack_on_Pearl_Harbor,Events,,,,,,,
17,Korean War,45,/wiki/Korean_War,Events,,,,,,,
18,2020 United States presidential election,44,/wiki/2020_United_States_presidential_election,Events,,,,,,,
18,2014 FIFA World Cup,44,/wiki/2014_FIFA_World_Cup,Events,,,,,,,
20,Columbine High School massacre,41,/wiki/Columbine_High_School_massacre,Events,,,,,,,
21,French Revolution,39,/wiki/French_Revolution,Events,,,,,,,
22,Great Depression,38,/wiki/Great_Depression,Events,,,,,,,
23,2020 Summer Olympics,36,/wiki/2020_Summer_Olympics,Events,,,,,,,
24,2010 FIFA World Cup,35,/wiki/2010_FIFA_World_Cup,Events,,,,,,,
25,Industrial Revolution,34,/wiki/Industrial_Revolution,Events,,,,,,,
25,2016 Summer Olympics,34,/wiki/2016_Summer_Olympics,Events,,,,,,,
25,Hurricane Katrina,34,/wiki/Hurricane_Katrina,Events,,,,,,,
28,American Revolutionary War,33,/wiki/American_Revolutionary_War,Events,,,,,,,
29,2016 United States presidential election,32,/wiki/2016_United_States_presidential_election,Events,,,,,,,
30,UEFA Euro 2020,31,/wiki/UEFA_Euro_2020,Events,,,,,,,
30,Syrian civil war,31,/wiki/Syrian_civil_war,Events,,,,,,,
32,2012 Summer Olympics,30,/wiki/2012_Summer_Olympics,Events,,,,,,,
32,Normandy landings,30,/wiki/Normandy_landings,Events,,,,,,,
32,Gulf War,30,/wiki/Gulf_War,Events,,,,,,,
35,Iraq War,29,/wiki/Iraq_War,Events,,,,,,,
35,Spanish flu,29,/wiki/Spanish_flu,Events,,,,,,,
35,Big Bang,29,/wiki/Big_Bang,Events,,,,,,,
1,Presidents of the United States,104,/wiki/List_of_presidents_of_the_United_States,Lists,,,,,,,
2,Highest-grossing films,101,/wiki/List_of_highest-grossing_films,Lists,,,,,,,
3,Marvel Cinematic Universe films,95,/wiki/List_of_Marvel_Cinematic_Universe_films,Lists,,,,,,,
4,Game of Thrones episodes,61,/wiki/List_of_Game_of_Thrones_episodes,Lists,,,,,,,
5,Super Bowl champions,60,/wiki/List_of_Super_Bowl_champions,Lists,,,,,,,
6, Countries by GDP (nominal),59,/wiki/List_of_countries_by_GDP_(nominal),Lists,,,,,,,
7,United States cities by population,57,/wiki/List_of_United_States_cities_by_population,Lists,,,,,,,
8,The Big Bang Theory episodes,54,/wiki/List_of_The_Big_Bang_Theory_episodes,Lists,,,,,,,
9,UFC events,51,/wiki/List_of_UFC_events,Lists,,,,,,,
9,Doctor Who serials,51,/wiki/List_of_Doctor_Who_serials,Lists,,,,,,,
11,Highest-grossing Indian films,47,/wiki/List_of_highest-grossing_Indian_films,Lists,,,,,,,
12,How I Met Your Mother episodes,46,/wiki/List_of_How_I_Met_Your_Mother_episodes,Lists,,,,,,,
12,Running Man episodes,45,/wiki/List_of_Running_Man_episodes,Lists,,,,,,,
14,Family Guy episodes,44,/wiki/List_of_Family_Guy_episodes,Lists,,,,,,,
14,South Park episodes,44,/wiki/List_of_South_Park_episodes,Lists,,,,,,,
14,The Walking Dead episodes,44,/wiki/List_of_The_Walking_Dead_episodes,Lists,,,,,,,
17,Top Gear episodes,40,/wiki/List_of_Top_Gear_episodes,Lists,,,,,,,
17,Glee episodes,40,/wiki/List_of_Glee_episodes,Lists,,,,,,,
19,Countries by GDP (PPP) per capita,39,/wiki/List_of_countries_by_GDP_(PPP)_per_capita,Lists,,,,,,,
20,Arrow episodes,38,/wiki/List_of_Arrow_episodes,Lists,,,,,,,
21,TCP and UDP port numbers,37,/wiki/List_of_TCP_and_UDP_port_numbers,Lists,,,,,,,
22,James Bond films,36,/wiki/List_of_James_Bond_films,Lists,,,,,,,
23,HTTP status codes,35,/wiki/List_of_HTTP_status_codes,Lists,,,,,,,
23,Steven Universe episodes,35,/wiki/List_of_Steven_Universe_episodes,Lists,,,,,,,
25,Walt Disney Pictures films,34,/wiki/List_of_Walt_Disney_Pictures_films,Lists,,,,,,,
26,States and territories of the United States,33,/wiki/List_of_states_and_territories_of_the_United_States,Lists,,,,,,,
27,Suits episodes,32,/wiki/List_of_Suits_episodes,Lists,,,,,,,
28,NBA champions,30,/wiki/List_of_NBA_champions,Lists,,,,,,,
28,Pornographic actresses by decade,30,/wiki/List_of_pornographic_actresses_by_decade,Lists,,,,,,,
30,Best-selling music artists,29,/wiki/List_of_best-selling_music_artists,Lists,,,,,,,
