,title,href,views_mn,group,subgroup,rank
11,United States,/wiki/United_States,254,Top-100 list,,1
12,Donald Trump,/wiki/Donald_Trump,243,Top-100 list,,2
17,Elizabeth II,/wiki/Elizabeth_II,198,Top-100 list,,3
21,India,/wiki/India,165,Top-100 list,,4
22,Barack Obama,/wiki/Barack_Obama,161,Top-100 list,,5
25,Cristiano Ronaldo,/wiki/Cristiano_Ronaldo,151,Top-100 list,,6
26,World War II,/wiki/World_War_II,145,Top-100 list,,7
27,United Kingdom,/wiki/United_Kingdom,144,Top-100 list,,8
28,Michael Jackson,/wiki/Michael_Jackson,142,Top-100 list,,9
30,Elon Musk,/wiki/Elon_Musk,135,Top-100 list,,10
32,Sex,/wiki/Sex,132,Top-100 list,,11
34,Lady Gaga,/wiki/Lady_Gaga,129,Top-100 list,,12
35,Adolf Hitler,/wiki/Adolf_Hitler,129,Top-100 list,,12
36,Eminem,/wiki/Eminem,127,Top-100 list,,14
37,Lionel Messi,/wiki/Lionel_Messi,125,Top-100 list,,15
38,Game of Thrones,/wiki/Game_of_Thrones,122,Top-100 list,,16
39,World War I,/wiki/World_War_I,121,Top-100 list,,17
40,The Beatles,/wiki/The_Beatles,116,Top-100 list,,18
41,Justin Bieber,/wiki/Justin_Bieber,114,Top-100 list,,19
42,Canada,/wiki/Canada,113,Top-100 list,,20
43,Freddie Mercury,/wiki/Freddie_Mercury,113,Top-100 list,,20
44,Kim Kardashian,/wiki/Kim_Kardashian,111,Top-100 list,,22
45,Johnny Depp,/wiki/Johnny_Depp,109,Top-100 list,,23
47,Steve Jobs,/wiki/Steve_Jobs,108,Top-100 list,,24
48,Dwayne Johnson,/wiki/Dwayne_Johnson,108,Top-100 list,,24
49,Michael Jordan,/wiki/Michael_Jordan,107,Top-100 list,,26
50,Australia,/wiki/Australia,107,Top-100 list,,26
51,List of presidents of the United States,/wiki/List_of_presidents_of_the_United_States,104,Top-100 list,,28
52,The Big Bang Theory,/wiki/The_Big_Bang_Theory,103,Top-100 list,,29
53,Taylor Swift,/wiki/Taylor_Swift,102,Top-100 list,,30
55,Stephen Hawking,/wiki/Stephen_Hawking,101,Top-100 list,,31
56,List of highest-grossing films,/wiki/List_of_highest-grossing_films,101,Top-100 list,,31
57,China,/wiki/China,100,Top-100 list,,33
61,Russia,/wiki/Russia,96,Top-100 list,,34
62,New York City,/wiki/New_York_City,96,Top-100 list,,34
63,Japan,/wiki/Japan,96,Top-100 list,,34
64,Kanye West,/wiki/Kanye_West,96,Top-100 list,,34
65,List of Marvel Cinematic Universe films,/wiki/List_of_Marvel_Cinematic_Universe_films,95,Top-100 list,,38
66,Abraham Lincoln,/wiki/Abraham_Lincoln,95,Top-100 list,,38
67,LeBron James,/wiki/LeBron_James,94,Top-100 list,,40
68,Charles III[23],/wiki/Charles_III,94,Top-100 list,,40
69,Darth Vader,/wiki/Darth_Vader,94,Top-100 list,,40
70,Star Wars,/wiki/Star_Wars,94,Top-100 list,,40
71,Miley Cyrus,/wiki/Miley_Cyrus,94,Top-100 list,,40
72,Germany,/wiki/Germany,94,Top-100 list,,40
73,September 11 attacks[24],/wiki/September_11_attacks,94,Top-100 list,,40
74,Leonardo DiCaprio,/wiki/Leonardo_DiCaprio,93,Top-100 list,,47
75,Kobe Bryant,/wiki/Kobe_Bryant,92,Top-100 list,,48
76,Selena Gomez,/wiki/Selena_Gomez,92,Top-100 list,,48
77,Joe Biden,/wiki/Joe_Biden,91,Top-100 list,,50
78,Tom Cruise,/wiki/Tom_Cruise,91,Top-100 list,,50
79,Rihanna,/wiki/Rihanna,91,Top-100 list,,50
80,Albert Einstein,/wiki/Albert_Einstein,91,Top-100 list,,50
81,Academy Awards,/wiki/Academy_Awards,91,Top-100 list,,50
82,"Prince Philip, Duke of Edinburgh","/wiki/Prince_Philip,_Duke_of_Edinburgh",90,Top-100 list,,55
83,Harry Potter,/wiki/Harry_Potter,90,Top-100 list,,55
84,Elvis Presley,/wiki/Elvis_Presley,90,Top-100 list,,55
85,The Walking Dead (TV series),/wiki/The_Walking_Dead_(TV_series),90,Top-100 list,,55
86,Scarlett Johansson,/wiki/Scarlett_Johansson,89,Top-100 list,,59
87,Lil Wayne,/wiki/Lil_Wayne,89,Top-100 list,,59
88,Tupac Shakur,/wiki/Tupac_Shakur,89,Top-100 list,,59
89,Angelina Jolie,/wiki/Angelina_Jolie,89,Top-100 list,,59
90,Queen Victoria,/wiki/Queen_Victoria,88,Top-100 list,,63
91,Jeffrey Dahmer,/wiki/Jeffrey_Dahmer,88,Top-100 list,,63
92,John F. Kennedy,/wiki/John_F._Kennedy,87,Top-100 list,,65
93,COVID-19 pandemic[25],/wiki/COVID-19_pandemic,87,Top-100 list,,65
94,"Diana, Princess of Wales","/wiki/Diana,_Princess_of_Wales",86,Top-100 list,,67
95,Marilyn Monroe,/wiki/Marilyn_Monroe,86,Top-100 list,,67
96,Keanu Reeves,/wiki/Keanu_Reeves,85,Top-100 list,,69
97,Arnold Schwarzenegger,/wiki/Arnold_Schwarzenegger,85,Top-100 list,,69
98,How I Met Your Mother,/wiki/How_I_Met_Your_Mother,85,Top-100 list,,69
99,Chernobyl disaster,/wiki/Chernobyl_disaster,85,Top-100 list,,69
100,France,/wiki/France,85,Top-100 list,,69
101,Ariana Grande,/wiki/Ariana_Grande,85,Top-100 list,,69
102,Jennifer Aniston,/wiki/Jennifer_Aniston,84,Top-100 list,,75
103,Breaking Bad,/wiki/Breaking_Bad,84,Top-100 list,,75
104,"Meghan, Duchess of Sussex","/wiki/Meghan,_Duchess_of_Sussex",83,Top-100 list,,77
105,Muhammad Ali,/wiki/Muhammad_Ali,83,Top-100 list,,77
106,Will Smith,/wiki/Will_Smith,83,Top-100 list,,77
107,Ted Bundy,/wiki/Ted_Bundy,82,Top-100 list,,80
108,Pablo Escobar,/wiki/Pablo_Escobar,82,Top-100 list,,80
109,Mila Kunis,/wiki/Mila_Kunis,82,Top-100 list,,80
110,Vietnam War,/wiki/Vietnam_War,82,Top-100 list,,80
111,Mark Zuckerberg,/wiki/Mark_Zuckerberg,82,Top-100 list,,80
112,Manchester United F.C.,/wiki/Manchester_United_F.C.,81,Top-100 list,,85
113,William Shakespeare,/wiki/William_Shakespeare,81,Top-100 list,,85
114,Titanic[26],/wiki/Titanic,80,Top-100 list,,87
115,Tom Brady,/wiki/Tom_Brady,80,Top-100 list,,87
116,Jay-Z[27],/wiki/Jay-Z,80,Top-100 list,,87
117,Singapore,/wiki/Singapore,80,Top-100 list,,87
118,Earth,/wiki/Earth,80,Top-100 list,,87
119,Bill Gates,/wiki/Bill_Gates,80,Top-100 list,,87
121,Winston Churchill,/wiki/Winston_Churchill,78,Top-100 list,,93
122,Bruce Lee,/wiki/Bruce_Lee,78,Top-100 list,,93
123,Nicki Minaj,/wiki/Nicki_Minaj,78,Top-100 list,,93
124,Israel,/wiki/Israel,78,Top-100 list,,93
125,"Princess Margaret, Countess of Snowdon","/wiki/Princess_Margaret,_Countess_of_Snowdon",77,Top-100 list,,97
126,John Cena,/wiki/John_Cena,77,Top-100 list,,97
127,Charles Manson,/wiki/Charles_Manson,77,Top-100 list,,97
128,Ryan Reynolds,/wiki/Ryan_Reynolds,77,Top-100 list,,97
129,Brad Pitt,/wiki/Brad_Pitt,77,Top-100 list,,97
130,Vladimir Putin,/wiki/Vladimir_Putin,77,Top-100 list,,97
0,Earth,/wiki/Earth,80,Universe,,1
1,Sun,/wiki/Sun,40,Universe,,2
2,Moon,/wiki/Moon,39,Universe,,3
4,Black hole,/wiki/Black_hole,37,Universe,,4
5,Mars,/wiki/Mars,37,Universe,,4
6,Solar System,/wiki/Solar_System,36,Universe,,6
7,Pluto,/wiki/Pluto,31,Universe,,7
8,Big Bang,/wiki/Big_Bang,30,Universe,,8
9,Milky Way,/wiki/Milky_Way,26,Universe,,9
10,Saturn,/wiki/Saturn,23,Universe,,10
11,Kepler's Supernova,/wiki/Kepler%27s_Supernova,20,Universe,,11
12,Universe,/wiki/Universe,19,Universe,,12
13,Dark matter,/wiki/Dark_matter,18,Universe,,13
14,Galaxy,/wiki/Galaxy,16,Universe,,14
15,Jupiter,/wiki/Jupiter,15,Universe,,15
16,Venus,/wiki/Venus,14,Universe,,16
17,Supernovae,/wiki/Supernovae,13,Universe,,17
18,Andromeda Galaxy,/wiki/Andromeda_Galaxy,12,Universe,,18
19,Mercury (planet),/wiki/Mercury_(planet),10,Universe,,19
20,Neptune,/wiki/Neptune,9.5,Universe,,20
21,Uranus,/wiki/Uranus,9.2,Universe,,21
22,Solar eclipse,/wiki/Solar_eclipse,7.6,Universe,,22
23,Lunar eclipse,/wiki/Lunar_eclipse,7.2,Universe,,23
24,Dark energy,/wiki/Dark_energy,7.0,Universe,,24
25,Halley's Comet,/wiki/Halley%27s_Comet,7.0,Universe,,24
26,Event horizon,/wiki/Event_horizon,6.5,Universe,,26
27,Titan (moon),/wiki/Titan_(moon),6.2,Universe,,27
28,Eclipse,/wiki/Eclipse,5.7,Universe,,28
29,Sirius,/wiki/Sirius,5.7,Universe,,28
30,Winter solstice,/wiki/Winter_solstice,5.4,Universe,,30
31,Ceres (dwarf planet),/wiki/Ceres_(dwarf_planet),5.4,Universe,,30
32,Alpha Centauri,/wiki/Alpha_Centauri,5.4,Universe,,30
0,Mount Everest,/wiki/Mount_Everest,46,Earth,,1
1,Bermuda Triangle,/wiki/Bermuda_Triangle,44,Earth,,2
2,Africa,/wiki/Africa,40,Earth,,3
3,Hurricane Katrina,/wiki/Hurricane_Katrina,36,Earth,,4
4,North America,/wiki/North_America,34,Earth,,5
5,Earthquake,/wiki/Earthquake,32,Earth,,6
6,Climate change,/wiki/Climate_change,31,Earth,,7
7,Continent,/wiki/Continent,31,Earth,,7
8,Antarctica,/wiki/Antarctica,30,Earth,,9
9,Asia,/wiki/Asia,30,Earth,,9
10,Tsunami,/wiki/Tsunami,28,Earth,,11
11,Volcano,/wiki/Volcano,26,Earth,,12
12,South America,/wiki/South_America,23,Earth,,13
13,2004 Indian Ocean earthquake and tsunami,/wiki/2004_Indian_Ocean_earthquake_and_tsunami,22,Earth,,14
14,Grand Canyon,/wiki/Grand_Canyon,19,Earth,,15
15,Canary Islands,/wiki/Canary_Islands,19,Earth,,15
16,Himalayas,/wiki/Himalayas,17,Earth,,17
17,2011 Tōhoku earthquake and tsunami,/wiki/2011_T%C5%8Dhoku_earthquake_and_tsunami,17,Earth,,17
18,Yellowstone National Park,/wiki/Yellowstone_National_Park,17,Earth,,17
19,Americas,/wiki/Americas,17,Earth,,17
20,Nile,/wiki/Nile,16,Earth,,21
21,Crimea,/wiki/Crimea,16,Earth,,21
22,Mississippi,/wiki/Mississippi,16,Earth,,21
23,Ocean,/wiki/Ocean,15,Earth,,24
24,Pacific Ocean,/wiki/Pacific_Ocean,15,Earth,,24
25,Balkans,/wiki/Balkans,15,Earth,,24
26,Lightning,/wiki/Lightning,15,Earth,,24
27,Ice Age,/wiki/Ice_Age,14,Earth,,28
28,Atlantic Ocean,/wiki/Atlantic_Ocean,14,Earth,,28
29,Amazon River,/wiki/Amazon_River,13,Earth,,30
30,Ganges,/wiki/Ganges,13,Earth,,30
31,Palau,/wiki/Palau,13,Earth,,30
32,Long Island,/wiki/Long_Island,13,Earth,,30
0,Cat,/wiki/Cat,61,Life,,1
1,Dog,/wiki/Dog,50,Life,,2
2,Animal,/wiki/Animal,38,Life,,3
3,Lion,/wiki/Lion,38,Life,,3
4,Coronavirus,/wiki/Coronavirus,37,Life,,5
5,Tiger,/wiki/Tiger,37,Life,,5
6,Human,/wiki/Human,37,Life,,5
7,Dinosaur,/wiki/Dinosaur,29,Life,,8
8,Elephant,/wiki/Elephant,27,Life,,9
9,Virus,/wiki/Virus,26,Life,,10
10,Horse,/wiki/Horse,25,Life,,11
11,Photosynthesis,/wiki/Photosynthesis,23,Life,,12
12,Evolution,/wiki/Evolution,22,Life,,13
13,Apple,/wiki/Apple,22,Life,,13
14,Bird,/wiki/Bird,22,Life,,13
15,Mammal,/wiki/Mammal,21,Life,,16
16,Potato,/wiki/Potato,21,Life,,16
17,Polar bear,/wiki/Polar_bear,21,Life,,16
18,Shark,/wiki/Shark,20,Life,,19
19,Snake,/wiki/Snake,20,Life,,19
20,Spider,/wiki/Spider,20,Life,,19
21,Rabbit,/wiki/Rabbit,20,Life,,19
22,Platypus,/wiki/Platypus,20,Life,,19
23,Dolphin,/wiki/Dolphin,20,Life,,19
24,Tyrannosaurus,/wiki/Tyrannosaurus,19,Life,,25
25,Cougar,/wiki/Cougar,19,Life,,25
26,Jaguar,/wiki/Jaguar,19,Life,,25
27,Chicken,/wiki/Chicken,19,Life,,25
28,Maize,/wiki/Maize,19,Life,,25
29,Cattle,/wiki/Cattle,18,Life,,30
30,Dodo,/wiki/Dodo,18,Life,,30
31,Turmeric,/wiki/Turmeric,18,Life,,30
32,Tomato,/wiki/Tomato,18,Life,,30
33,Cheetah,/wiki/Cheetah,18,Life,,30
34,Giraffe,/wiki/Giraffe,18,Life,,30
35,Bear,/wiki/Bear,18,Life,,30
36,Raccoon,/wiki/Raccoon,18,Life,,30
37,Octopus,/wiki/Octopus,18,Life,,30
0,World War II,/wiki/World_War_II,145,Civilization,Wars,1
1,World War I,/wiki/World_War_I,121,Civilization,Wars,2
2,Vietnam War,/wiki/Vietnam_War,82,Civilization,Wars,3
3,American Civil War,/wiki/American_Civil_War,71,Civilization,Wars,4
8,Korean War,/wiki/Korean_War,45,Civilization,Wars,5
9,Russo-Ukrainian War,/wiki/Russo-Ukrainian_War,34,Civilization,Wars,6
10,American Revolutionary War,/wiki/American_Revolutionary_War,33,Civilization,Wars,7
11,Syrian civil war,/wiki/Syrian_civil_war,31,Civilization,Wars,8
13,Gulf War,/wiki/Gulf_War,30,Civilization,Wars,9
14,Iraq War,/wiki/Iraq_War,29,Civilization,Wars,10
15,Crusades,/wiki/Crusades,24,Civilization,Wars,11
16,Falklands War,/wiki/Falklands_War,23,Civilization,Wars,12
18,War in Afghanistan (2001–2021),/wiki/War_in_Afghanistan_(2001%E2%80%932021),22,Civilization,Wars,13
23,Six-Day War,/wiki/Six-Day_War,18,Civilization,Wars,14
25,Crimean War,/wiki/Crimean_War,18,Civilization,Wars,14
27,Spanish Civil War,/wiki/Spanish_Civil_War,17,Civilization,Wars,16
28,War of 1812,/wiki/War_of_1812,15,Civilization,Wars,17
30,French and Indian War,/wiki/French_and_Indian_War,14,Civilization,Wars,18
31,Napoleonic Wars,/wiki/Napoleonic_Wars,14,Civilization,Wars,18
32,Yom Kippur War,/wiki/Yom_Kippur_War,14,Civilization,Wars,18
33,Mexican–American War,/wiki/Mexican%E2%80%93American_War,13,Civilization,Wars,21
34,Bosnian War,/wiki/Bosnian_War,13,Civilization,Wars,21
35,Kargil War,/wiki/Kargil_War,13,Civilization,Wars,21
38,Indian Rebellion of 1857,/wiki/Indian_Rebellion_of_1857,12,Civilization,Wars,24
39,Iran–Iraq War,/wiki/Iran%E2%80%93Iraq_War,12,Civilization,Wars,24
41,Boxer Rebellion,/wiki/Boxer_Rebellion,11,Civilization,Wars,26
42,Winter War,/wiki/Winter_War,11,Civilization,Wars,26
43,Second Boer War,/wiki/Second_Boer_War,10,Civilization,Wars,28
44,Kosovo War,/wiki/Kosovo_War,10,Civilization,Wars,28
47,Soviet-Afghan War,/wiki/Soviet-Afghan_War,9.5,Civilization,Wars,30
48,Hundred Years' War,/wiki/Hundred_Years%27_War,9.5,Civilization,Wars,30
0,Soviet Union,/wiki/Soviet_Union,63,Civilization,Empires and hegemonies,1
1,Ottoman Empire‎ ,/wiki/Ottoman_Empire,49,Civilization,Empires and hegemonies,2
2,Roman Empire‎,/wiki/Roman_Empire,43,Civilization,Empires and hegemonies,3
3,Nazi Germany,/wiki/Nazi_Germany,41,Civilization,Empires and hegemonies,4
4,British Empire,/wiki/British_Empire,32,Civilization,Empires and hegemonies,5
5,Byzantine Empire,/wiki/Byzantine_Empire,28,Civilization,Empires and hegemonies,6
6,Ancient Egypt,/wiki/Ancient_Egypt,25,Civilization,Empires and hegemonies,7
7,Mughal Empire,/wiki/Mughal_Empire,24,Civilization,Empires and hegemonies,8
8,Sparta,/wiki/Sparta,23,Civilization,Empires and hegemonies,8
9,Russian Empire,/wiki/Russian_Empire,18,Civilization,Empires and hegemonies,10
10,German Empire,/wiki/German_Empire,17,Civilization,Empires and hegemonies,10
11,Qing dynasty,/wiki/Qing_dynasty,16,Civilization,Empires and hegemonies,12
12,Holy Roman Empire‎[a],/wiki/Holy_Roman_Empire,15,Civilization,Empires and hegemonies,13
13,Austria-Hungary,/wiki/Austria-Hungary,15,Civilization,Empires and hegemonies,13
14,Inca Empire,/wiki/Inca_Empire,13,Civilization,Empires and hegemonies,15
15,Empire of Japan,/wiki/Empire_of_Japan,13,Civilization,Empires and hegemonies,15
16,Ming dynasty,/wiki/Ming_dynasty,11,Civilization,Empires and hegemonies,17
17,Mongol Empire,/wiki/Mongol_Empire,11,Civilization,Empires and hegemonies,18
18,Han dynasty,/wiki/Han_dynasty,9.4,Civilization,Empires and hegemonies,19
19,Maurya Empire‎,/wiki/Maurya_Empire,9.2,Civilization,Empires and hegemonies,20
20,Spanish Empire,/wiki/Spanish_Empire,9.0,Civilization,Empires and hegemonies,21
21,Tang dynasty,/wiki/Tang_dynasty,8.8,Civilization,Empires and hegemonies,22
22,Sumer,/wiki/Sumer,8.6,Civilization,Empires and hegemonies,23
23,History of Japan,/wiki/History_of_Japan,8.6,Civilization,Empires and hegemonies,23
24,Achaemenid Empire,/wiki/Achaemenid_Empire,8.4,Civilization,Empires and hegemonies,25
25,Gupta Empire,/wiki/Gupta_Empire,7.4,Civilization,Empires and hegemonies,26
26,Delhi Sultanate,/wiki/Delhi_Sultanate,7.4,Civilization,Empires and hegemonies,26
27,Umayyad Caliphate[a],/wiki/Umayyad_Caliphate,6.7,Civilization,Empires and hegemonies,28
28,Assyria‎ ,/wiki/Assyria,6.4,Civilization,Empires and hegemonies,29
29,Abbasid Caliphate,/wiki/Abbasid_Caliphate,6.1,Civilization,Empires and hegemonies,30
0,United States,/wiki/United_States,254,Civilization,Present countries,1
1,India,/wiki/India,165,Civilization,Present countries,2
2,United Kingdom,/wiki/United_Kingdom,144,Civilization,Present countries,3
3,Canada,/wiki/Canada,113,Civilization,Present countries,4
4,Australia,/wiki/Australia,107,Civilization,Present countries,5
5,China,/wiki/China,100,Civilization,Present countries,6
6,Russia,/wiki/Russia,98,Civilization,Present countries,7
7,Japan,/wiki/Japan,96,Civilization,Present countries,8
8,Germany,/wiki/Germany,94,Civilization,Present countries,9
9,France,/wiki/France,85,Civilization,Present countries,10
10,Singapore,/wiki/Singapore,80,Civilization,Present countries,11
11,Israel,/wiki/Israel,78,Civilization,Present countries,12
12,Pakistan,/wiki/Pakistan,68,Civilization,Present countries,13
13,Philippines,/wiki/Philippines,68,Civilization,Present countries,13
14,Brazil,/wiki/Brazil,67,Civilization,Present countries,15
15,Italy,/wiki/Italy,66,Civilization,Present countries,16
16,Netherlands[a],/wiki/Netherlands,66,Civilization,Present countries,16
17,New Zealand[a],/wiki/New_Zealand,66,Civilization,Present countries,16
18,Ukraine,/wiki/Ukraine,64,Civilization,Present countries,19
19,Spain,/wiki/Spain,64,Civilization,Present countries,19
20,Turkey,/wiki/Turkey,64,Civilization,Present countries,19
21,South Africa,/wiki/South_Africa,62,Civilization,Present countries,22
22,Mexico,/wiki/Mexico,61,Civilization,Present countries,23
23,Indonesia,/wiki/Indonesia,60,Civilization,Present countries,24
24,Switzerland,/wiki/Switzerland,58,Civilization,Present countries,25
25,North Korea,/wiki/North_Korea,56,Civilization,Present countries,26
26,Sweden,/wiki/Sweden,55,Civilization,Present countries,27
27,Iran,/wiki/Iran,54,Civilization,Present countries,28
28,United Arab Emirates,/wiki/United_Arab_Emirates,52,Civilization,Present countries,29
29,Egypt,/wiki/Egypt,51,Civilization,Present countries,30
30,Poland,/wiki/Poland,51,Civilization,Present countries,31
31,158 countries,,50–6.6,Civilization,Present countries,32-189
32,Federated States of Micronesia,/wiki/Federated_States_of_Micronesia,6.5,Civilization,Present countries,190
33,Saint Vincent and the Grenadines,/wiki/Saint_Vincent_and_the_Grenadines,6.3,Civilization,Present countries,191
34,Eswatini,/wiki/Eswatini,6.1,Civilization,Present countries,192
35,São Tomé and Príncipe,/wiki/S%C3%A3o_Tom%C3%A9_and_Pr%C3%ADncipe,5.9,Civilization,Present countries,193
36,Republic of the Congo,/wiki/Republic_of_the_Congo,4.9,Civilization,Present countries,194
0,New York City,/wiki/New_York_City,96,Civilization,Cities,1
1,Singapore,/wiki/Singapore,80,Civilization,Cities,2
2,London,/wiki/London,76,Civilization,Cities,3
3,Hong Kong,/wiki/Hong_Kong,62,Civilization,Cities,4
4,Los Angeles,/wiki/Los_Angeles,53,Civilization,Cities,5
5,Dubai,/wiki/Dubai,51,Civilization,Cities,6
6,"Washington, D.C.","/wiki/Washington,_D.C.",47,Civilization,Cities,7
7,Paris,/wiki/Paris,44,Civilization,Cities,8
8,Chicago,/wiki/Chicago,44,Civilization,Cities,8
10,Mumbai,/wiki/Mumbai,38,Civilization,Cities,10
11,San Francisco,/wiki/San_Francisco,37,Civilization,Cities,11
12,Rome,/wiki/Rome,33,Civilization,Cities,12
13,Monaco,/wiki/Monaco,33,Civilization,Cities,12
14,Toronto,/wiki/Toronto,33,Civilization,Cities,12
15,Tokyo,/wiki/Tokyo,32,Civilization,Cities,15
16,Philadelphia,/wiki/Philadelphia,31,Civilization,Cities,16
17,Machu Picchu,/wiki/Machu_Picchu,30,Civilization,Cities,17
18,Jerusalem,/wiki/Jerusalem,28,Civilization,Cities,18
19,Amsterdam,/wiki/Amsterdam,28,Civilization,Cities,18
20,Boston,/wiki/Boston,28,Civilization,Cities,18
21,Barcelona,/wiki/Barcelona,27,Civilization,Cities,21
22,Seattle,/wiki/Seattle,27,Civilization,Cities,21
23,Istanbul,/wiki/Istanbul,27,Civilization,Cities,21
24,Berlin,/wiki/Berlin,27,Civilization,Cities,21
25,Vatican,/wiki/Vatican_City,26,Civilization,Cities,25
26,Vancouver,/wiki/Vancouver,26,Civilization,Cities,25
27,Shanghai,/wiki/Shanghai,25,Civilization,Cities,27
28,Pompeii,/wiki/Pompeii,25,Civilization,Cities,27
29,Venice,/wiki/Venice,24,Civilization,Cities,29
30,Atlanta,/wiki/Atlanta,24,Civilization,Cities,29
31,Montreal,/wiki/Montreal,24,Civilization,Cities,29
32,Moscow,/wiki/Moscow,24,Civilization,Cities,29
0,Taj Mahal,/wiki/Taj_Mahal,53,Civilization,Buildings and structures,1
1,Burj Khalifa,/wiki/Burj_Khalifa,44,Civilization,Buildings and structures,2
2,Statue of Liberty,/wiki/Statue_of_Liberty,40,Civilization,Buildings and structures,3
3,Great Wall of China,/wiki/Great_Wall_of_China,39,Civilization,Buildings and structures,4
4,Eiffel Tower,/wiki/Eiffel_Tower,37,Civilization,Buildings and structures,5
5,Berlin Wall,/wiki/Berlin_Wall,33,Civilization,Buildings and structures,6
6,Machu Picchu,/wiki/Machu_Picchu,30,Civilization,Buildings and structures,7
7,Stonehenge,/wiki/Stonehenge,29,Civilization,Buildings and structures,8
8,Mount Rushmore National Memorial,/wiki/Mount_Rushmore_National_Memorial,28,Civilization,Buildings and structures,9
9,Colosseum,/wiki/Colosseum,28,Civilization,Buildings and structures,9
10,Auschwitz concentration camp,/wiki/Auschwitz_concentration_camp,28,Civilization,Buildings and structures,9
11,Great Pyramid of Giza,/wiki/Great_Pyramid_of_Giza,26,Civilization,Buildings and structures,12
12,One World Trade Center,/wiki/One_World_Trade_Center,24,Civilization,Buildings and structures,13
13,Empire State Building,/wiki/Empire_State_Building,23,Civilization,Buildings and structures,14
14,White House,/wiki/White_House,22,Civilization,Buildings and structures,15
15,Petra [b],/wiki/Petra,22,Civilization,Buildings and structures,15
16,Large Hadron Collider,/wiki/Large_Hadron_Collider,21,Civilization,Buildings and structures,17
17,Hagia Sophia,/wiki/Hagia_Sophia,21,Civilization,Buildings and structures,17
18,Golden Gate Bridge,/wiki/Golden_Gate_Bridge,18,Civilization,Buildings and structures,19
19,Panama Canal,/wiki/Panama_Canal,18,Civilization,Buildings and structures,19
20,Angkor Wat,/wiki/Angkor_Wat,17,Civilization,Buildings and structures,21
21,Big Ben,/wiki/Big_Ben,17,Civilization,Buildings and structures,21
22,Guantanamo Bay detention camp,/wiki/Guantanamo_Bay_detention_camp,17,Civilization,Buildings and structures,21
23,Buckingham Palace,/wiki/Buckingham_Palace,17,Civilization,Buildings and structures,21
24,Christ the Redeemer (statue),/wiki/Christ_the_Redeemer_(statue),16,Civilization,Buildings and structures,25
25,Kaaba,/wiki/Pre-Islamic_Arabia#Religion,16,Civilization,Buildings and structures,25
26,New York Stock Exchange,/wiki/New_York_Stock_Exchange,15,Civilization,Buildings and structures,27
27,Parthenon,/wiki/Parthenon,15,Civilization,Buildings and structures,27
28,"Pantheon, Rome","/wiki/Pantheon,_Rome",14,Civilization,Buildings and structures,29
29,Disneyland,/wiki/Disneyland,14,Civilization,Buildings and structures,29
30,Colossus of Rhodes,/wiki/Colossus_of_Rhodes,14,Civilization,Buildings and structures,29
31,ADX Florence,/wiki/ADX_Florence,14,Civilization,Buildings and structures,29
32,Notre-Dame de Paris,/wiki/Notre-Dame_de_Paris,13,Civilization,Buildings and structures,33
33,Wembley Stadium,/wiki/Wembley_Stadium,13,Civilization,Buildings and structures,33
34,World Trade Center (1973–2001),/wiki/World_Trade_Center_(1973%E2%80%932001),13,Civilization,Buildings and structures,33
35,Westminster Abbey,/wiki/Westminster_Abbey,13,Civilization,Buildings and structures,33
36,Windsor Castle,/wiki/Windsor_Castle,13,Civilization,Buildings and structures,33
37,Georgia Guidestones,/wiki/Georgia_Guidestones,13,Civilization,Buildings and structures,33
38,Statue of Unity,/wiki/Statue_of_Unity,12,Civilization,Buildings and structures,39
39,Suez Canal,/wiki/Suez_Canal,12,Civilization,Buildings and structures,39
40,Walt Disney World,/wiki/Walt_Disney_World,12,Civilization,Buildings and structures,39
41,Channel Tunnel,/wiki/Channel_Tunnel,12,Civilization,Buildings and structures,39
42,Forbidden City,/wiki/Forbidden_City,12,Civilization,Buildings and structures,39
43,Willis Tower,/wiki/Willis_Tower,12,Civilization,Buildings and structures,39
44,Timbuktu [b],/wiki/Timbuktu,11,Civilization,Buildings and structures,45
45,Taipei 101,/wiki/Taipei_101,11,Civilization,Buildings and structures,45
46,Arc de Triomphe,/wiki/Arc_de_Triomphe,11,Civilization,Buildings and structures,45
47,Lighthouse of Alexandria,/wiki/Lighthouse_of_Alexandria,11,Civilization,Buildings and structures,45
48,Mohenjo-daro [b],/wiki/Mohenjo-daro,10,Civilization,Buildings and structures,49
49,John F. Kennedy International Airport,/wiki/John_F._Kennedy_International_Airport,10,Civilization,Buildings and structures,49
50,Temple of Artemis,/wiki/Temple_of_Artemis,10,Civilization,Buildings and structures,49
51,Library of Alexandria,/wiki/Library_of_Alexandria,10,Civilization,Buildings and structures,49
52,Brooklyn Bridge,/wiki/Brooklyn_Bridge,10,Civilization,Buildings and structures,49
53,Code of Hammurabi,/wiki/Code_of_Hammurabi,10,Civilization,Buildings and structures,49
54,Leaning Tower of Pisa,/wiki/Leaning_Tower_of_Pisa,9.6,Civilization,Buildings and structures,55
55,Statue of Zeus at Olympia,/wiki/Statue_of_Zeus_at_Olympia,9.2,Civilization,Buildings and structures,56
56,Acropolis of Athens,/wiki/Acropolis_of_Athens,9.2,Civilization,Buildings and structures,56
57,New York City Subway,/wiki/New_York_City_Subway,9.0,Civilization,Buildings and structures,58
58,Dome of the Rock,/wiki/Dome_of_the_Rock,8.9,Civilization,Buildings and structures,59
59,Great Sphinx of Giza,/wiki/Great_Sphinx_of_Giza,8.8,Civilization,Buildings and structures,60
60,Palace of Versailles,/wiki/Palace_of_Versailles,8.7,Civilization,Buildings and structures,61
61,Wall Street,/wiki/Wall_Street,8.4,Civilization,Buildings and structures,62
62,Antilia (building),/wiki/Antilia_(building),8.3,Civilization,Buildings and structures,63
63,David (Michelangelo),/wiki/David_(Michelangelo),8.2,Civilization,Buildings and structures,64
64,Church of the Holy Sepulchre,/wiki/Church_of_the_Holy_Sepulchre,8.2,Civilization,Buildings and structures,64
65,7 World Trade Center,/wiki/7_World_Trade_Center,8.1,Civilization,Buildings and structures,66
66,Al-Aqsa Mosque,/wiki/Al-Aqsa_Mosque,8.1,Civilization,Buildings and structures,66
67,Göbekli Tepe [b],/wiki/G%C3%B6bekli_Tepe,7.9,Civilization,Buildings and structures,68
68,Moai,/wiki/Moai,7.8,Civilization,Buildings and structures,69
69,Chichen Itza [b],/wiki/Chichen_Itza,7.5,Civilization,Buildings and structures,70
70,Epcot,/wiki/Epcot,7.4,Civilization,Buildings and structures,71
71,Petronas Towers,/wiki/Petronas_Towers,7.4,Civilization,Buildings and structures,71
72,Hoover Dam,/wiki/Hoover_Dam,7.2,Civilization,Buildings and structures,73
73,Terracotta Army,/wiki/Terracotta_Army,7.0,Civilization,Buildings and structures,74
74,Tower of London,/wiki/Tower_of_London,7.0,Civilization,Buildings and structures,74
75,Red Fort,/wiki/Red_Fort,6.9,Civilization,Buildings and structures,76
76,Delhi Metro,/wiki/Delhi_Metro,6.9,Civilization,Buildings and structures,76
77,Jeddah Tower,/wiki/Jeddah_Tower,6.8,Civilization,Buildings and structures,78
78,Louvre,/wiki/Louvre,6.8,Civilization,Buildings and structures,78
79,St. Peter's Basilica,/wiki/St._Peter%27s_Basilica,6.8,Civilization,Buildings and structures,78
80,Balmoral Castle,/wiki/Balmoral_Castle,6.7,Civilization,Buildings and structures,81
81,British Museum,/wiki/British_Museum,6.7,Civilization,Buildings and structures,81
82,Brandenburg Gate,/wiki/Brandenburg_Gate,6.7,Civilization,Buildings and structures,81
83,Neuschwanstein Castle,/wiki/Neuschwanstein_Castle,6.6,Civilization,Buildings and structures,84
84,Indira Gandhi International Airport,/wiki/Indira_Gandhi_International_Airport,6.5,Civilization,Buildings and structures,85
85,Hadrian's Wall,/wiki/Hadrian%27s_Wall,6.4,Civilization,Buildings and structures,86
86,Erie Canal,/wiki/Erie_Canal,6.3,Civilization,Buildings and structures,87
87,Persepolis [b],/wiki/Persepolis,6.3,Civilization,Buildings and structures,87
88,United States Capitol,/wiki/United_States_Capitol,6.3,Civilization,Buildings and structures,87
89,Washington Monument,/wiki/Washington_Monument,6.2,Civilization,Buildings and structures,90
90,Gateway of India,/wiki/Gateway_of_India,6.2,Civilization,Buildings and structures,90
91,Qutb Minar,/wiki/Qutb_Minar,5.9,Civilization,Buildings and structures,92
92,Alhambra,/wiki/Alhambra,5.9,Civilization,Buildings and structures,92
93,India Gate,/wiki/India_Gate,5.9,Civilization,Buildings and structures,92
94,London Underground,/wiki/London_Underground,5.9,Civilization,Buildings and structures,92
95,Three Gorges Dam,/wiki/Three_Gorges_Dam,5.8,Civilization,Buildings and structures,96
96,Heathrow Airport,/wiki/Heathrow_Airport,5.8,Civilization,Buildings and structures,96
97,United States Military Academy,/wiki/United_States_Military_Academy,5.8,Civilization,Buildings and structures,96
98,MetLife Stadium,/wiki/MetLife_Stadium,5.8,Civilization,Buildings and structures,96
99,Rikers Island prison,/wiki/Rikers_Island_prison,5.7,Civilization,Buildings and structures,100
100,Mausoleum at Halicarnassus,/wiki/Mausoleum_at_Halicarnassus,5.7,Civilization,Buildings and structures,100
101,Führerbunker,/wiki/F%C3%BChrerbunker,5.7,Civilization,Buildings and structures,100
102,Alcatraz Federal Penitentiary,/wiki/Alcatraz_Federal_Penitentiary,5.7,Civilization,Buildings and structures,100
103,Borobudur,/wiki/Borobudur,5.7,Civilization,Buildings and structures,100
104,Hampi,/wiki/Hampi,5.7,Civilization,Buildings and structures,100
105,Konark Sun Temple,/wiki/Konark_Sun_Temple,5.7,Civilization,Buildings and structures,100
0,Donald Trump,/wiki/Donald_Trump,243,People,,1
1,Elizabeth II,/wiki/Elizabeth_II,198,People,,2
2,Barack Obama,/wiki/Barack_Obama,163,People,,3
3,Cristiano Ronaldo,/wiki/Cristiano_Ronaldo,151,People,,4
4,Michael Jackson,/wiki/Michael_Jackson,141,People,,5
5,Elon Musk,/wiki/Elon_Musk,135,People,,6
6,Lady Gaga,/wiki/Lady_Gaga,129,People,,7
7,Adolf Hitler,/wiki/Adolf_Hitler,129,People,,7
8,Eminem,/wiki/Eminem,127,People,,9
9,Lionel Messi,/wiki/Lionel_Messi,125,People,,10
10,Justin Bieber,/wiki/Justin_Bieber,114,People,,11
11,Freddie Mercury,/wiki/Freddie_Mercury,113,People,,12
12,Kim Kardashian,/wiki/Kim_Kardashian,111,People,,13
13,Johnny Depp,/wiki/Johnny_Depp,109,People,,14
14,Steve Jobs,/wiki/Steve_Jobs,108,People,,15
15,Dwayne Johnson,/wiki/Dwayne_Johnson,108,People,,15
16,Michael Jordan,/wiki/Michael_Jordan,107,People,,17
17,Taylor Swift,/wiki/Taylor_Swift,102,People,,18
18,Stephen Hawking,/wiki/Stephen_Hawking,101,People,,19
19,Kanye West,/wiki/Kanye_West,96,People,,20
20,Abraham Lincoln,/wiki/Abraham_Lincoln,95,People,,21
21,LeBron James,/wiki/LeBron_James,94,People,,22
22,Charles III[23],/wiki/Charles_III,88,People,,22
23,Miley Cyrus,/wiki/Miley_Cyrus,94,People,,22
24,Leonardo DiCaprio,/wiki/Leonardo_DiCaprio,93,People,,25
25,Selena Gomez,/wiki/Selena_Gomez,92,People,,26
26,Kobe Bryant,/wiki/Kobe_Bryant,92,People,,26
27,Joe Biden,/wiki/Joe_Biden,91,People,,28
28,Tom Cruise,/wiki/Tom_Cruise,91,People,,28
29,Albert Einstein,/wiki/Albert_Einstein,91,People,,28
30,Rihanna,/wiki/Rihanna,91,People,,28
31,"Prince Philip, Duke of Edinburgh","/wiki/Prince_Philip,_Duke_of_Edinburgh",90,People,,32
32,Elvis Presley,/wiki/Elvis_Presley,90,People,,32
33,Lil Wayne,/wiki/Lil_Wayne,89,People,,34
34,Scarlett Johansson,/wiki/Scarlett_Johansson,89,People,,34
35,Tupac Shakur,/wiki/Tupac_Shakur,89,People,,34
36,Angelina Jolie,/wiki/Angelina_Jolie,89,People,,34
37,Queen Victoria,/wiki/Queen_Victoria,88,People,,38
38,Jeffrey Dahmer,/wiki/Jeffrey_Dahmer,88,People,,38
39,John F. Kennedy,/wiki/John_F._Kennedy,87,People,,40
40,"Diana, Princess of Wales","/wiki/Diana,_Princess_of_Wales",86,People,,41
41,Marilyn Monroe,/wiki/Marilyn_Monroe,86,People,,41
42,Keanu Reeves,/wiki/Keanu_Reeves,85,People,,43
43,Ariana Grande,/wiki/Ariana_Grande,85,People,,43
44,Arnold Schwarzenegger,/wiki/Arnold_Schwarzenegger,85,People,,43
45,Jennifer Aniston,/wiki/Jennifer_Aniston,84,People,,46
46,"Meghan, Duchess of Sussex","/wiki/Meghan,_Duchess_of_Sussex",83,People,,47
47,Muhammad Ali,/wiki/Muhammad_Ali,83,People,,47
48,Will Smith ,/wiki/Will_Smith,83,People,,47
49,Mark Zuckerberg,/wiki/Mark_Zuckerberg,82,People,,50
50,Ted Bundy,/wiki/Ted_Bundy,82,People,,50
51,Pablo Escobar,/wiki/Pablo_Escobar,82,People,,50
52,Mila Kunis,/wiki/Mila_Kunis,82,People,,50
53,William Shakespeare,/wiki/William_Shakespeare,81,People,,54
54,Tom Brady,/wiki/Tom_Brady,80,People,,55
55,Jay-Z[34],/wiki/Jay-Z,80,People,,55
56,Bill Gates,/wiki/Bill_Gates,80,People,,55
57,Winston Churchill,/wiki/Winston_Churchill,78,People,,58
58,Nicki Minaj,/wiki/Nicki_Minaj,78,People,,58
59,Bruce Lee,/wiki/Bruce_Lee,78,People,,58
60,"Princess Margaret, Countess of Snowdon","/wiki/Princess_Margaret,_Countess_of_Snowdon",77,People,,61
61,Ryan Reynolds,/wiki/Ryan_Reynolds,77,People,,61
62,Brad Pitt,/wiki/Brad_Pitt,77,People,,61
63,John Cena,/wiki/John_Cena,77,People,,61
64,Charles Manson,/wiki/Charles_Manson,77,People,,61
65,Vladimir Putin,/wiki/Vladimir_Putin,77,People,,61
66,Clint Eastwood,/wiki/Clint_Eastwood,76,People,,67
67,Madonna,/wiki/Madonna,76,People,,67
68,Jennifer Lopez,/wiki/Jennifer_Lopez,75,People,,69
69,Katy Perry,/wiki/Katy_Perry,75,People,,69
70,George VI,/wiki/George_VI,74,People,,71
71,Heath Ledger,/wiki/Heath_Ledger,74,People,,71
72,Britney Spears,/wiki/Britney_Spears,74,People,,71
73,Sylvester Stallone,/wiki/Sylvester_Stallone,73,People,,74
74,Adele[35],/wiki/Adele,73,People,,74
75,Prince (musician),/wiki/Prince_(musician),73,People,,74
76,David Bowie,/wiki/David_Bowie,73,People,,74
77,Ronald Reagan,/wiki/Ronald_Reagan,72,People,,78
78,Kamala Harris,/wiki/Kamala_Harris,71,People,,79
79,George W. Bush,/wiki/George_W._Bush,71,People,,79
80,Jennifer Lawrence,/wiki/Jennifer_Lawrence,71,People,,79
81,Mahatma Gandhi,/wiki/Mahatma_Gandhi,71,People,,79
82,Emma Watson,/wiki/Emma_Watson,69,People,,83
83,Robin Williams,/wiki/Robin_Williams,68,People,,84
84,Mark Wahlberg,/wiki/Mark_Wahlberg,68,People,,84
85,Henry VIII,/wiki/Henry_VIII,67,People,,86
86,Beyoncé,/wiki/Beyonc%C3%A9,67,People,,86
87,John Lennon,/wiki/John_Lennon,67,People,,86
88,Nelson Mandela,/wiki/Nelson_Mandela,67,People,,86
89,Demi Lovato,/wiki/Demi_Lovato,66,People,,90
90,Megan Fox,/wiki/Megan_Fox,66,People,,90
91,Roger Federer,/wiki/Roger_Federer,66,People,,90
92,Tom Hardy,/wiki/Tom_Hardy,65,People,,93
93,Leonardo da Vinci,/wiki/Leonardo_da_Vinci,65,People,,93
94,Tom Hanks,/wiki/Tom_Hanks,64,People,,95
95,George Washington,/wiki/George_Washington,64,People,,95
96,Franklin D. Roosevelt,/wiki/Franklin_D._Roosevelt,64,People,,95
97,Mike Tyson,/wiki/Mike_Tyson,64,People,,95
98,Lali Espósito,/wiki/Lali_Esp%C3%B3sito,64,People,,95
99,Bob Marley,/wiki/Bob_Marley,63,People,,100
100,Bill Clinton,/wiki/Bill_Clinton,63,People,,100
101,The Undertaker,/wiki/The_Undertaker,63,People,,100
102,Mariah Carey,/wiki/Mariah_Carey,63,People,,100
103,Kristen Stewart,/wiki/Kristen_Stewart,63,People,,100
104,Natalie Portman,/wiki/Natalie_Portman,63,People,,100
105,Snoop Dogg,/wiki/Snoop_Dogg,63,People,,100
0,Michael Jackson,/wiki/Michael_Jackson,141,People,Singers,1
1,Lady Gaga,/wiki/Lady_Gaga,129,People,Singers,2
2,Eminem,/wiki/Eminem,127,People,Singers,3
3,Justin Bieber,/wiki/Justin_Bieber,114,People,Singers,4
4,Freddie Mercury,/wiki/Freddie_Mercury,113,People,Singers,5
5,Taylor Swift,/wiki/Taylor_Swift,102,People,Singers,6
6,Kanye West,/wiki/Kanye_West,96,People,Singers,7
7,Miley Cyrus,/wiki/Miley_Cyrus,94,People,Singers,8
8,Selena Gomez,/wiki/Selena_Gomez,92,People,Singers,9
9,Rihanna,/wiki/Rihanna,91,People,Singers,10
10,Elvis Presley,/wiki/Elvis_Presley,90,People,Singers,11
11,Lil Wayne,/wiki/Lil_Wayne,89,People,Singers,12
12,Tupac Shakur,/wiki/Tupac_Shakur,89,People,Singers,12
13,Ariana Grande,/wiki/Ariana_Grande,85,People,Singers,14
14,Jay-Z[27],/wiki/Jay-Z,80,People,Singers,15
15,Nicki Minaj,/wiki/Nicki_Minaj,78,People,Singers,16
16,Madonna,/wiki/Madonna,76,People,Singers,17
17,Katy Perry,/wiki/Katy_Perry,75,People,Singers,18
18,Jennifer Lopez,/wiki/Jennifer_Lopez,75,People,Singers,18
19,Britney Spears,/wiki/Britney_Spears,74,People,Singers,20
20,Adele[35],/wiki/Adele,73,People,Singers,21
21,David Bowie,/wiki/David_Bowie,73,People,Singers,21
22,Prince,/wiki/Prince_(musician),72,People,Singers,23
23,Beyoncé,/wiki/Beyonc%C3%A9,67,People,Singers,24
24,John Lennon,/wiki/John_Lennon,67,People,Singers,24
25,Demi Lovato,/wiki/Demi_Lovato,66,People,Singers,26
26,Lali Espósito,/wiki/Lali_Esp%C3%B3sito,64,People,Singers,27
27,Bob Marley,/wiki/Bob_Marley,63,People,Singers,28
28,Mariah Carey,/wiki/Mariah_Carey,63,People,Singers,28
29,Snoop Dogg,/wiki/Snoop_Dogg,63,People,Singers,28
0,Kim Kardashian,/wiki/Kim_Kardashian,111,People,Actors,1
1,Johnny Depp,/wiki/Johnny_Depp,109,People,Actors,2
2,Dwayne Johnson,/wiki/Dwayne_Johnson,108,People,Actors,3
3,Leonardo DiCaprio,/wiki/Leonardo_DiCaprio,93,People,Actors,4
4,Tom Cruise,/wiki/Tom_Cruise,91,People,Actors,5
5,Angelina Jolie,/wiki/Angelina_Jolie,89,People,Actors,6
6,Scarlett Johansson,/wiki/Scarlett_Johansson,89,People,Actors,6
7,Marilyn Monroe,/wiki/Marilyn_Monroe,86,People,Actors,8
8,Keanu Reeves,/wiki/Keanu_Reeves,85,People,Actors,9
9,Arnold Schwarzenegger,/wiki/Arnold_Schwarzenegger,85,People,Actors,9
10,Jennifer Aniston,/wiki/Jennifer_Aniston,84,People,Actors,11
11,Meghan Markle,/wiki/Meghan_Markle,83,People,Actors,12
12,Will Smith,/wiki/Will_Smith,83,People,Actors,12
13,Mila Kunis,/wiki/Mila_Kunis,82,People,Actors,14
14,Bruce Lee,/wiki/Bruce_Lee,78,People,Actors,15
15,Brad Pitt,/wiki/Brad_Pitt,77,People,Actors,16
16,Ryan Reynolds,/wiki/Ryan_Reynolds,77,People,Actors,16
17,Clint Eastwood,/wiki/Clint_Eastwood,76,People,Actors,18
18,Heath Ledger,/wiki/Heath_Ledger,74,People,Actors,19
19,Sylvester Stallone,/wiki/Sylvester_Stallone,73,People,Actors,20
20,Jennifer Lawrence,/wiki/Jennifer_Lawrence,71,People,Actors,21
21,Emma Watson,/wiki/Emma_Watson,69,People,Actors,22
22,Mark Wahlberg,/wiki/Mark_Wahlberg,68,People,Actors,23
23,Robin Williams,/wiki/Robin_Williams,68,People,Actors,23
24,Megan Fox,/wiki/Megan_Fox,66,People,Actors,25
25,Tom Hardy,/wiki/Tom_Hardy,65,People,Actors,26
26,Tom Hanks,/wiki/Tom_Hanks,64,People,Actors,27
27,Kristen Stewart,/wiki/Kristen_Stewart,63,People,Actors,28
28,Natalie Portman,/wiki/Natalie_Portman,63,People,Actors,28
29,The Undertaker,/wiki/The_Undertaker,63,People,Actors,28
0,Cristiano Ronaldo,/wiki/Association_football,151,People,Athletes,1
1,Lionel Messi,/wiki/Association_football,125,People,Athletes,2
2,Michael Jordan,/wiki/Basketball,107,People,Athletes,3
3,LeBron James,/wiki/Basketball,94,People,Athletes,4
4,Kobe Bryant,/wiki/Basketball,92,People,Athletes,5
5,Muhammad Ali,/wiki/Professional_boxing,83,People,Athletes,6
6,Tom Brady,/wiki/American_football,80,People,Athletes,7
8,Roger Federer,/wiki/Tennis,66,People,Athletes,8
9,Mike Tyson,/wiki/Professional_boxing,64,People,Athletes,9
11,O. J. Simpson,/wiki/American_football,60,People,Athletes,10
12,Shaquille O'Neal,/wiki/Basketball,58,People,Athletes,11
13,Conor McGregor,/wiki/Mixed_martial_arts,54,People,Athletes,12
14,Rafael Nadal,/wiki/Tennis,54,People,Athletes,12
15,Serena Williams,/wiki/Tennis,51,People,Athletes,14
16,David Beckham,/wiki/Association_football,51,People,Athletes,14
17,Neymar,/wiki/Association_football,50,People,Athletes,16
18,Brock Lesnar,/wiki/Mixed_martial_arts,49,People,Athletes,17
19,Zlatan Ibrahimovic,/wiki/Association_football,49,People,Athletes,17
20,Novak Djokovic,/wiki/Tennis,48,People,Athletes,19
21,Stephen Curry,/wiki/Basketball,47,People,Athletes,20
22,Tiger Woods,/wiki/Golf,47,People,Athletes,20
23,Manny Pacquiao,/wiki/Professional_boxing,42,People,Athletes,22
24,Michael Phelps,/wiki/Swimming_(sport),42,People,Athletes,22
25,Virat Kohli,/wiki/Cricket,42,People,Athletes,22
27,Caitlyn Jenner,/wiki/Decathlon,41,People,Athletes,25
28,Usain Bolt,/wiki/100_metres,40,People,Athletes,26
29,Peyton Manning,/wiki/American_football,40,People,Athletes,26
30,Sachin Tendulkar,/wiki/Cricket,40,People,Athletes,26
31,Ronda Rousey,/wiki/Professional_wrestling,38,People,Athletes,29
32,Michael Oher,/wiki/American_football,37,People,Athletes,30
33,Wayne Rooney,/wiki/Association_football,37,People,Athletes,30
34,Ronaldinho,/wiki/Association_football,37,People,Athletes,30
35,Ronaldo,/wiki/Association_football,37,People,Athletes,30
0,Donald Trump,/wiki/Donald_Trump,243,People,Political leaders,1
1,Elizabeth II,/wiki/Elizabeth_II,198,People,Political leaders,2
2,Barack Obama,/wiki/Barack_Obama,163,People,Political leaders,3
3,Adolf Hitler,/wiki/Adolf_Hitler,129,People,Political leaders,4
4,Abraham Lincoln,/wiki/Abraham_Lincoln,95,People,Political leaders,5
5,Charles III[23],/wiki/Charles_III,94,People,Political leaders,6
6,Joe Biden,/wiki/Joe_Biden,91,People,Political leaders,7
7,"Prince Philip, Duke of Edinburgh","/wiki/Prince_Philip,_Duke_of_Edinburgh",90,People,Political leaders,8
8,Queen Victoria,/wiki/Queen_Victoria,88,People,Political leaders,9
9,John F. Kennedy,/wiki/John_F._Kennedy,87,People,Political leaders,10
10,"Diana, Princess of Wales","/wiki/Diana,_Princess_of_Wales",86,People,Political leaders,11
11,"Meghan, Duchess of Sussex","/wiki/Meghan,_Duchess_of_Sussex",83,People,Political leaders,12
12,Winston Churchill,/wiki/Winston_Churchill,78,People,Political leaders,13
13,Vladimir Putin,/wiki/Vladimir_Putin,77,People,Political leaders,14
14,"Princess Margaret, Countess of Snowdon","/wiki/Princess_Margaret,_Countess_of_Snowdon",77,People,Political leaders,14
15,George VI,/wiki/George_VI,74,People,Political leaders,16
16,Ronald Reagan,/wiki/Ronald_Reagan,72,People,Political leaders,17
17,Kamala Harris,/wiki/Kamala_Harris,71,People,Political leaders,18
18,Mahatma Gandhi,/wiki/Mahatma_Gandhi,71,People,Political leaders,18
19,George W. Bush,/wiki/George_W._Bush,71,People,Political leaders,18
20,Henry VIII of England,/wiki/Henry_VIII_of_England,67,People,Political leaders,21
21,Nelson Mandela,/wiki/Nelson_Mandela,67,People,Political leaders,21
22,Franklin D. Roosevelt,/wiki/Franklin_D._Roosevelt,64,People,Political leaders,23
23,George Washington,/wiki/George_Washington,64,People,Political leaders,23
24,Bill Clinton,/wiki/Bill_Clinton,63,People,Political leaders,25
25,Joseph Stalin,/wiki/Joseph_Stalin,60,People,Political leaders,26
26,Elizabeth I,/wiki/Elizabeth_I,58,People,Political leaders,27
27,George H. W. Bush,/wiki/George_H._W._Bush,57,People,Political leaders,28
28,Alexander Hamilton,/wiki/Alexander_Hamilton,56,People,Political leaders,29
29,Edward VIII,/wiki/Edward_VIII,56,People,Political leaders,29
30,Margaret Thatcher,/wiki/Margaret_Thatcher,56,People,Political leaders,29
0,Jesus,/wiki/Jesus,59,People,Pre-modern people,1
1,Alexander the Great,/wiki/Alexander_the_Great,55,People,Pre-modern people,2
2,Muhammad,/wiki/Muhammad,51,People,Pre-modern people,3
3,Julius Caesar,/wiki/Julius_Caesar,49,People,Pre-modern people,4
4,Genghis Khan,/wiki/Genghis_Khan,44,People,Pre-modern people,5
5,Gautama Buddha,/wiki/Gautama_Buddha,37,People,Pre-modern people,6
6,Aristotle,/wiki/Aristotle,34,People,Pre-modern people,7
7,Plato,/wiki/Plato,30,People,Pre-modern people,8
8,King Arthur [a],/wiki/King_Arthur,30,People,Pre-modern people,8
9,Joan of Arc,/wiki/Joan_of_Arc,29,People,Pre-modern people,10
10,Socrates,/wiki/Socrates,28,People,Pre-modern people,11
11,Spartacus,/wiki/Spartacus,27,People,Pre-modern people,12
12,Charlemagne,/wiki/Charlemagne,26,People,Pre-modern people,13
13,Tutankhamun,/wiki/Tutankhamun,26,People,Pre-modern people,13
14,Ragnar Lodbrok [a],/wiki/Ragnar_Lodbrok,26,People,Pre-modern people,13
15,Augustus,/wiki/Augustus,26,People,Pre-modern people,13
16,William Wallace,/wiki/William_Wallace,24,People,Pre-modern people,17
17,Moses [b],/wiki/Moses,24,People,Pre-modern people,17
18,Nero,/wiki/Nero,23,People,Pre-modern people,19
19,Marco Polo,/wiki/Marco_Polo,23,People,Pre-modern people,19
20,Alfred the Great,/wiki/Alfred_the_Great,22,People,Pre-modern people,21
21,Caligula,/wiki/Caligula,22,People,Pre-modern people,21
22,Robin Hood [a],/wiki/Robin_Hood,21,People,Pre-modern people,23
23,Cleopatra[c],/wiki/Cleopatra,20,People,Pre-modern people,24
24,Henry V of England,/wiki/Henry_V_of_England,19,People,Pre-modern people,25
25,Hannibal,/wiki/Hannibal,19,People,Pre-modern people,25
26,Abraham [b],/wiki/Abraham,19,People,Pre-modern people,25
27,David,/wiki/David,18,People,Pre-modern people,28
28,Confucius,/wiki/Confucius,18,People,Pre-modern people,28
29,Marcus Aurelius,/wiki/Marcus_Aurelius,18,People,Pre-modern people,28
30,William the Conqueror,/wiki/William_the_Conqueror,18,People,Pre-modern people,28
31,Ashoka,/wiki/Ashoka,18,People,Pre-modern people,28
0,Billie Eilish,/wiki/Billie_Eilish,52,People,3rd-millennium people,1
1,Millie Bobby Brown ,/wiki/Millie_Bobby_Brown,38,People,3rd-millennium people,2
2,Willow Smith,/wiki/Willow_Smith,24,People,3rd-millennium people,3
3,Erling Haaland,/wiki/Erling_Haaland,18,People,3rd-millennium people,4
4,Maddie Ziegler,/wiki/Maddie_Ziegler,17,People,3rd-millennium people,5
5,Greta Thunberg,/wiki/Greta_Thunberg,17,People,3rd-millennium people,5
6,Jojo Siwa,/wiki/Jojo_Siwa,17,People,3rd-millennium people,5
7,Jenna Ortega,/wiki/Jenna_Ortega,16,People,3rd-millennium people,8
8,Prince George of Cambridge,/wiki/Prince_George_of_Cambridge,15,People,3rd-millennium people,9
9,Lil Pump,/wiki/Lil_Pump,14,People,3rd-millennium people,10
10,Bhad Bhabie,/wiki/Bhad_Bhabie,14,People,3rd-millennium people,10
11,Noah Cyrus,/wiki/Noah_Cyrus,14,People,3rd-millennium people,10
12,Finn Wolfhard,/wiki/Finn_Wolfhard,13,People,3rd-millennium people,13
13,Olivia Rodrigo,/wiki/Olivia_Rodrigo,13,People,3rd-millennium people,13
14,Gaten Matarazzo,/wiki/Gaten_Matarazzo,13,People,3rd-millennium people,13
15,Charli D'Amelio,/wiki/Charli_D%27Amelio,11,People,3rd-millennium people,16
17,Isabela Merced,/wiki/Isabela_Merced,10,People,3rd-millennium people,17
18,Princess Charlotte of Cambridge,/wiki/Princess_Charlotte_of_Cambridge,10,People,3rd-millennium people,17
19,Lady Louise Windsor,/wiki/Lady_Louise_Windsor,10,People,3rd-millennium people,19
20,LaMelo Ball,/wiki/LaMelo_Ball,10,People,3rd-millennium people,20
21,Zion Williamson,/wiki/Zion_Williamson,10,People,3rd-millennium people,20
22,Jacob Tremblay,/wiki/Jacob_Tremblay,9.5,People,3rd-millennium people,22
23,Emma Raducanu,/wiki/Emma_Raducanu,9.3,People,3rd-millennium people,23
24,Jadon Sancho,/wiki/Jadon_Sancho,9.1,People,3rd-millennium people,24
25,Mackenzie Foy,/wiki/Mackenzie_Foy,8.7,People,3rd-millennium people,25
26,Mckenna Grace,/wiki/Mckenna_Grace,8.6,People,3rd-millennium people,26
27,Jackie Evancho,/wiki/Jackie_Evancho,8.3,People,3rd-millennium people,27
28,"James, Viscount Severn","/wiki/James,_Viscount_Severn",8.1,People,3rd-millennium people,28
29,Yara Shahidi,/wiki/Yara_Shahidi,8.0,People,3rd-millennium people,29
0,Manchester United F.C.,/wiki/Manchester_United_F.C.,81,Entertainment,Sport teams,1
1,FC Barcelona,/wiki/FC_Barcelona,61,Entertainment,Sport teams,2
2,Chelsea F.C.,/wiki/Chelsea_F.C.,59,Entertainment,Sport teams,3
3,Real Madrid C.F.,/wiki/Real_Madrid_C.F.,57,Entertainment,Sport teams,4
4,Arsenal F.C.,/wiki/Arsenal_F.C.,55,Entertainment,Sport teams,5
5,Liverpool F.C.,/wiki/Liverpool_F.C.,54,Entertainment,Sport teams,6
6,Manchester City F.C.,/wiki/Manchester_City_F.C.,42,Entertainment,Sport teams,7
7,Tottenham Hotspur F.C.,/wiki/Tottenham_Hotspur_F.C.,35,Entertainment,Sport teams,8
8,Brazil national football team,/wiki/Brazil_national_football_team,35,Entertainment,Sport teams,8
9,England national football team,/wiki/England_national_football_team,34,Entertainment,Sport teams,10
10,Juventus F.C.,/wiki/Juventus_F.C.,33,Entertainment,Sport teams,11
11,A.C. Milan,/wiki/A.C._Milan,32,Entertainment,Sport teams,12
12,FC Bayern Munich,/wiki/FC_Bayern_Munich,30,Entertainment,Sport teams,13
13,Paris Saint-Germain F.C.,/wiki/Paris_Saint-Germain_F.C.,29,Entertainment,Sport teams,14
14,Germany national football team,/wiki/Germany_national_football_team,29,Entertainment,Sport teams,14
15,Argentina national football team,/wiki/Argentina_national_football_team,29,Entertainment,Sport teams,14
16,New England Patriots,/wiki/New_England_Patriots,28,Entertainment,Sport teams,17
17,Los Angeles Lakers,/wiki/Los_Angeles_Lakers,27,Entertainment,Sport teams,18
18,France national football team,/wiki/France_national_football_team,26,Entertainment,Sport teams,19
19,Spain national football team,/wiki/Spain_national_football_team,25,Entertainment,Sport teams,20
20,Golden State Warriors,/wiki/Golden_State_Warriors,24,Entertainment,Sport teams,21
21,Borussia Dortmund,/wiki/Borussia_Dortmund,23,Entertainment,Sport teams,22
22,Italy national football team,/wiki/Italy_national_football_team,21,Entertainment,Sport teams,23
23,Leicester F.C.,/wiki/Leicester_F.C.,20,Entertainment,Sport teams,24
24,Newcastle United F.C.,/wiki/Newcastle_United_F.C.,20,Entertainment,Sport teams,24
25,West Ham United F.C.,/wiki/West_Ham_United_F.C.,20,Entertainment,Sport teams,24
26,Inter Milan,/wiki/Inter_Milan,20,Entertainment,Sport teams,24
27,Rangers F.C.,/wiki/Rangers_F.C.,20,Entertainment,Sport teams,24
28,New York Yankees,/wiki/New_York_Yankees,19,Entertainment,Sport teams,29
29,Green Bay Packers,/wiki/Green_Bay_Packers,19,Entertainment,Sport teams,29
30,Aston Villa F.C.,/wiki/Aston_Villa_F.C.,19,Entertainment,Sport teams,29
0,Game of Thrones[43],/wiki/Game_of_Thrones,122,Entertainment,Films and TV series,1
1,The Big Bang Theory[44],/wiki/The_Big_Bang_Theory,103,Entertainment,Films and TV series,2
2,Star Wars,/wiki/Star_Wars,94,Entertainment,Films and TV series,3
3,The Walking Dead,/wiki/The_Walking_Dead_(TV_series),90,Entertainment,Films and TV series,4
4,How I Met Your Mother,/wiki/How_I_Met_Your_Mother,85,Entertainment,Films and TV series,5
5,Breaking Bad,/wiki/Breaking_Bad,84,Entertainment,Films and TV series,6
6,Grey's Anatomy,/wiki/Grey%27s_Anatomy,74,Entertainment,Films and TV series,7
7,Glee,/wiki/Glee_(TV_series),72,Entertainment,Films and TV series,8
8,Doctor Who,/wiki/Doctor_Who,71,Entertainment,Films and TV series,9
9,Harry Potter,/wiki/Harry_Potter_(film_series),62,Entertainment,Films and TV series,10
10,Friends,/wiki/Friends,62,Entertainment,Films and TV series,10
11,Avatar,/wiki/Avatar_(2009_film),61,Entertainment,Films and TV series,12
12,The Avengers,/wiki/The_Avengers_(2012_film),60,Entertainment,Films and TV series,13
13,Naruto,/wiki/Naruto,59,Entertainment,Films and TV series,14
14,Avengers: Endgame,/wiki/Avengers:_Endgame,59,Entertainment,Films and TV series,14
15,Lost,/wiki/Lost_(TV_series),56,Entertainment,Films and TV series,16
16,Family Guy,/wiki/Family_Guy,55,Entertainment,Films and TV series,17
17,Dexter,/wiki/Dexter_(TV_series),54,Entertainment,Films and TV series,18
18,Titanic ,/wiki/Titanic_(1997_film),53,Entertainment,Films and TV series,19
19,House,/wiki/House_(TV_series),53,Entertainment,Films and TV series,19
20,Avengers: Infinity War,/wiki/Avengers:_Infinity_War,52,Entertainment,Films and TV series,21
21,Stranger Things,/wiki/Stranger_Things,52,Entertainment,Films and TV series,21
22,The Vampire Diaries,/wiki/The_Vampire_Diaries,52,Entertainment,Films and TV series,21
23,American Horror Story,/wiki/American_Horror_Story,51,Entertainment,Films and TV series,24
24,X-Men: Evolution,/wiki/X-Men:_Evolution,51,Entertainment,Films and TV series,24
25,The Simpsons,/wiki/The_Simpsons,50,Entertainment,Films and TV series,26
26,The Dark Knight Rises,/wiki/The_Dark_Knight_Rises,50,Entertainment,Films and TV series,26
27,Sherlock,/wiki/Sherlock_(TV_series),49,Entertainment,Films and TV series,28
28,Sons of Anarchy,/wiki/Sons_of_Anarchy,49,Entertainment,Films and TV series,28
29,Modern Family,/wiki/Modern_Family,49,Entertainment,Films and TV series,28
30,NCIS,/wiki/NCIS_(TV_series),49,Entertainment,Films and TV series,28
0,The Beatles,/wiki/The_Beatles,116,Entertainment,Music bands,1
1,One Direction,/wiki/One_Direction,63,Entertainment,Music bands,2
2,BTS,/wiki/BTS,63,Entertainment,Music bands,2
3,Queen,/wiki/Queen_(band),56,Entertainment,Music bands,4
4,Pink Floyd,/wiki/Pink_Floyd,51,Entertainment,Music bands,5
5,Metallica,/wiki/Metallica,50,Entertainment,Music bands,6
6,Linkin Park,/wiki/Linkin_Park,47,Entertainment,Music bands,7
7,Exo,/wiki/Exo,45,Entertainment,Music bands,8
8,Led Zeppelin,/wiki/Led_Zeppelin,45,Entertainment,Music bands,8
9,Red Hot Chili Peppers,/wiki/Red_Hot_Chili_Peppers,44,Entertainment,Music bands,10
10,AC/DC,/wiki/AC/DC,42,Entertainment,Music bands,11
11,The Rolling Stones,/wiki/The_Rolling_Stones,39,Entertainment,Music bands,12
12,Coldplay,/wiki/Coldplay,37,Entertainment,Music bands,13
13,Fleetwood Mac,/wiki/Fleetwood_Mac,35,Entertainment,Music bands,14
14,Daft Punk,/wiki/Daft_Punk,35,Entertainment,Music bands,14
15,Slipknot,/wiki/Slipknot_(band),35,Entertainment,Music bands,14
16,Nirvana,/wiki/Nirvana_(band),34,Entertainment,Music bands,17
17,ABBA,/wiki/ABBA,33,Entertainment,Music bands,18
18,Spice Girls,/wiki/Spice_Girls,33,Entertainment,Music bands,18
19,Jonas Brothers,/wiki/Jonas_Brothers,33,Entertainment,Music bands,18
20,Green Day,/wiki/Green_Day,33,Entertainment,Music bands,18
21,Guns N' Roses,/wiki/Guns_N%27_Roses,33,Entertainment,Music bands,18
22,Bee Gees,/wiki/Bee_Gees,32,Entertainment,Music bands,23
23,Foo Fighters,/wiki/Foo_Fighters,31,Entertainment,Music bands,24
24,Iron Maiden,/wiki/Iron_Maiden,31,Entertainment,Music bands,24
25,Gorillaz,/wiki/Gorillaz,31,Entertainment,Music bands,24
26,Backstreet Boys,/wiki/Backstreet_Boys,31,Entertainment,Music bands,24
27,Kiss,/wiki/Kiss_(band),30,Entertainment,Music bands,28
28,Girls' Generation,/wiki/Girls%27_Generation,29,Entertainment,Music bands,29
29,N.W.A,/wiki/N.W.A,29,Entertainment,Music bands,29
0,Sgt. Pepper's Lonely Hearts Club Band[45],/wiki/Beatles,18,Entertainment,Albums,1
1,The Dark Side of the Moon,/wiki/Pink_Floyd,17,Entertainment,Albums,2
2,Thriller[46],/wiki/Michael_Jackson,16,Entertainment,Albums,3
3,Recovery[47],/wiki/Eminem,15,Entertainment,Albums,4
4,My Beautiful Dark Twisted Fantasy,/wiki/Kanye_West,15,Entertainment,Albums,4
5,Abbey Road,/wiki/Beatles,15,Entertainment,Albums,4
6,The Beatles,/wiki/Beatles,15,Entertainment,Albums,4
7,XXXX (album),/wiki/You_Say_Party,14,Entertainment,Albums,8
8,The Wall,/wiki/Pink_Floyd,14,Entertainment,Albums,8
9,21,/wiki/Adele,13,Entertainment,Albums,10
10,Nevermind,/wiki/Nirvana,12,Entertainment,Albums,11
11,Let It Be (Beatles album),/wiki/Beatles,12,Entertainment,Albums,11
12,The Marshall Mathers LP,/wiki/Eminem,11,Entertainment,Albums,13
13,Watch the Throne,/wiki/Kanye_West,11,Entertainment,Albums,13
14,Led Zeppelin IV,/wiki/Led_Zeppelin,10,Entertainment,Albums,15
15,808s & Heartbreak,/wiki/Kanye_West,9.5,Entertainment,Albums,16
16,1989,/wiki/Taylor_Swift,9.4,Entertainment,Albums,17
17,Rubber Soul,/wiki/Beatles,9.3,Entertainment,Albums,18
18,Red,/wiki/Taylor_Swift,9.2,Entertainment,Albums,19
19,Fearless,/wiki/Taylor_Swift,9.0,Entertainment,Albums,20
20,Metallica,/wiki/Metallica,9.0,Entertainment,Albums,20
21,The Slim Shady LP,/wiki/Eminem,8.8,Entertainment,Albums,22
22,Graduation,/wiki/Kanye_West,8.8,Entertainment,Albums,22
23,The Eminem Show,/wiki/Eminem,8.7,Entertainment,Albums,24
24,Wish You Were Here,/wiki/Pink_Floyd,8.5,Entertainment,Albums,25
25,Teenage Dream,/wiki/Katy_Perry,8.5,Entertainment,Albums,25
26,"Good Kid, M.A.A.D City",/wiki/Kendrick_Lamar,8.5,Entertainment,Albums,25
27,Bad,/wiki/Michael_Jackson,8.4,Entertainment,Albums,28
28,Yeezus,/wiki/Kanye_West,8.4,Entertainment,Albums,28
29,25 (Adele album),/wiki/Adele,8.3,Entertainment,Albums,30
30,Hybrid Theory,/wiki/Linkin_Park,8.3,Entertainment,Albums,30
0,Gangnam Style,/wiki/PSY,22,Entertainment,Singles,1
1,Bohemian Rhapsody,/wiki/Queen_(band),18,Entertainment,Singles,2
2, Hallelujah,/wiki/Leonard_Cohen,14,Entertainment,Singles,3
3,We Are the World,/wiki/USA_for_Africa,13,Entertainment,Singles,4
4,Amazing Grace,/wiki/Amazing_Grace,10,Entertainment,Singles,5
5,Supercalifragilisticexpialidocious,/wiki/Dick_Van_Dyke,9.6,Entertainment,Singles,6
6,Stairway to Heaven,/wiki/Led_Zeppelin,9.6,Entertainment,Singles,6
7,Hotel California,/wiki/Eagles,9.3,Entertainment,Singles,8
8,American Pie,/wiki/Don_McLean,9.2,Entertainment,Singles,10
9,Despacito,/wiki/Luis_Fonsi,9.1,Entertainment,Singles,9
10,Hey Jude,/wiki/Beatles,8.4,Entertainment,Singles,11
11,The Sound of Silence,/wiki/Simon_%26_Garfunkel,7.8,Entertainment,Singles,12
12,Stan,/wiki/Eminem,7.5,Entertainment,Singles,13
13,We Didn't Start the Fire,/wiki/Billy_Joel,7.3,Entertainment,Singles,14
14,Billie Jean,/wiki/Michael_Jackson,7.1,Entertainment,Singles,15
15,I Will Always Love You,/wiki/Whitney_Houston,7.1,Entertainment,Singles,15
16,Blurred Lines,/wiki/Robin_Thicke,6.7,Entertainment,Singles,17
17,Hurt,/wiki/Nine_Inch_Nails,6.7,Entertainment,Singles,17
18,Hello,/wiki/Adele,6.7,Entertainment,Singles,17
19,Never Gonna Give You Up,/wiki/Rick_Astley,6.5,Entertainment,Singles,20
20,In the Air Tonight,/wiki/Phil_Collins,6.2,Entertainment,Singles,21
21,The House of the Rising Sun,/wiki/The_Animals,5.9,Entertainment,Singles,22
22,Beat It,/wiki/Michael_Jackson,5.8,Entertainment,Singles,23
23,Baby,/wiki/Justin_Bieber,5.8,Entertainment,Singles,23
24,All I Want for Christmas Is You,/wiki/Mariah_Carey,5.7,Entertainment,Singles,25
25,Killing Me Softly with His Song,/wiki/Roberta_Flack,5.6,Entertainment,Singles,26
26,Blinded by the Light,/wiki/Manfred_Mann%27s_Earth_Band,5.5,Entertainment,Singles,27
27,Old Town Road,/wiki/Lil_Nas_X,5.5,Entertainment,Singles,27
28,Layla,/wiki/Eric_Clapton,5.5,Entertainment,Singles,27
29,Africa,/wiki/Toto_(band),5.4,Entertainment,Singles,30
0,Minecraft,/wiki/Minecraft,46,Entertainment,Video games,1
1,Grand Theft Auto V,/wiki/Grand_Theft_Auto_V,34,Entertainment,Video games,2
2,Grand Theft Auto IV,/wiki/Grand_Theft_Auto_IV,25,Entertainment,Video games,3
3,Sword Art Online,/wiki/Sword_Art_Online,21,Entertainment,Video games,4
4,Roblox,/wiki/Roblox,19,Entertainment,Video games,5
5,Code Geass,/wiki/Code_Geass,19,Entertainment,Video games,5
6,League of Legends,/wiki/League_of_Legends,17,Entertainment,Video games,7
7,Cyberpunk 2077,/wiki/Cyberpunk_2077,15,Entertainment,Video games,8
8,Red Dead Redemption 2,/wiki/Red_Dead_Redemption_2,15,Entertainment,Video games,8
9,The Last of Us,/wiki/The_Last_of_Us,14,Entertainment,Video games,10
10,Pokémon Go,/wiki/Pok%C3%A9mon_Go,13,Entertainment,Video games,11
11,The Witcher 3: Wild Hunt,/wiki/The_Witcher_3:_Wild_Hunt,12,Entertainment,Video games,12
12,Death Stranding,/wiki/Death_Stranding,12,Entertainment,Video games,12
13,The Last of Us Part II,/wiki/The_Last_of_Us_Part_II,12,Entertainment,Video games,12
14,High School DxD,/wiki/High_School_DxD,11,Entertainment,Video games,15
15,God of War (2018 video game),/wiki/God_of_War_(2018_video_game),11,Entertainment,Video games,15
16,Horizon Zero Dawn,/wiki/Horizon_Zero_Dawn,10,Entertainment,Video games,17
17,Grand Theft Auto: San Andreas,/wiki/Grand_Theft_Auto:_San_Andreas,10,Entertainment,Video games,17
18,Fallout 4,/wiki/Fallout_4,9.5,Entertainment,Video games,19
19,Until Dawn,/wiki/Until_Dawn,9.5,Entertainment,Video games,19
20,Resident Evil 7: Biohazard,/wiki/Resident_Evil_7:_Biohazard,9.3,Entertainment,Video games,21
21,Red Dead Redemption,/wiki/Red_Dead_Redemption,9.1,Entertainment,Video games,22
22,Batman: Arkham Knight,/wiki/Batman:_Arkham_Knight,8.9,Entertainment,Video games,23
23,The Legend of Zelda: Breath of the Wild,/wiki/The_Legend_of_Zelda:_Breath_of_the_Wild,8.6,Entertainment,Video games,24
24,World of Warcraft,/wiki/World_of_Warcraft,8.5,Entertainment,Video games,25
25,The Elder Scrolls V: Skyrim,/wiki/The_Elder_Scrolls_V:_Skyrim,8.4,Entertainment,Video games,26
26,Among Us,/wiki/Among_Us,8.3,Entertainment,Video games,27
27,Persona 5,/wiki/Persona_5,8.3,Entertainment,Video games,27
28,Final Fantasy XV,/wiki/Final_Fantasy_XV,8.1,Entertainment,Video games,29
29,No Man's Sky,/wiki/No_Man%27s_Sky,8.1,Entertainment,Video games,29
30,Metal Gear Solid V: The Phantom Pain,/wiki/Metal_Gear_Solid_V:_The_Phantom_Pain,8.1,Entertainment,Video games,29
0,Harry Potter,/wiki/Harry_Potter,90,Entertainment,Books and book series,1
1,A Song of Ice and Fire,/wiki/A_Song_of_Ice_and_Fire,56,Entertainment,Books and book series,2
2,Fifty Shades of Grey,/wiki/Fifty_Shades_of_Grey,52,Entertainment,Books and book series,3
3,The Hunger Games,/wiki/The_Hunger_Games,51,Entertainment,Books and book series,4
4,The Great Gatsby,/wiki/The_Great_Gatsby,38,Entertainment,Books and book series,5
5,Nineteen Eighty-Four,/wiki/Nineteen_Eighty-Four,38,Entertainment,Books and book series,5
6,The Lord of the Rings,/wiki/The_Lord_of_the_Rings,37,Entertainment,Books and book series,7
7,A Game of Thrones,/wiki/A_Game_of_Thrones,29,Entertainment,Books and book series,8
8,Kama Sutra,/wiki/Kama_Sutra,29,Entertainment,Books and book series,8
9,The Handmaid's Tale,/wiki/The_Handmaid%27s_Tale,29,Entertainment,Books and book series,8
10,To Kill a Mockingbird,/wiki/To_Kill_a_Mockingbird,29,Entertainment,Books and book series,8
11,Magna Carta,/wiki/Magna_Carta,27,Entertainment,Books and book series,12
12,Les Misérables,/wiki/Les_Mis%C3%A9rables,27,Entertainment,Books and book series,12
13,Alice's Adventures in Wonderland,/wiki/Alice%27s_Adventures_in_Wonderland,26,Entertainment,Books and book series,14
14,Pride and Prejudice,/wiki/Pride_and_Prejudice,26,Entertainment,Books and book series,14
15,The Winds of Winter,/wiki/The_Winds_of_Winter,26,Entertainment,Books and book series,14
16,Watchmen,/wiki/Watchmen,25,Entertainment,Books and book series,17
17,Inferno,/wiki/Inferno_(Dante),25,Entertainment,Books and book series,17
18,The Catcher in the Rye,/wiki/The_Catcher_in_the_Rye,24,Entertainment,Books and book series,19
19,Lolita,/wiki/Lolita,23,Entertainment,Books and book series,20
20,Dune,/wiki/Dune_(novel),23,Entertainment,Books and book series,20
21,Harry Potter and the Deathly Hallows,/wiki/Harry_Potter_and_the_Deathly_Hallows,23,Entertainment,Books and book series,20
22,Animal Farm,/wiki/Animal_Farm,22,Entertainment,Books and book series,23
23,Frankenstein,/wiki/Frankenstein,22,Entertainment,Books and book series,23
24,The Girl with the Dragon Tattoo,/wiki/The_Girl_with_the_Dragon_Tattoo,22,Entertainment,Books and book series,23
25,Brave New World,/wiki/Brave_New_World,22,Entertainment,Books and book series,23
26,Don Quixote,/wiki/Don_Quixote,21,Entertainment,Books and book series,27
27,The Hobbit,/wiki/The_Hobbit,21,Entertainment,Books and book series,27
28,The Picture of Dorian Gray,/wiki/The_Picture_of_Dorian_Gray,21,Entertainment,Books and book series,27
29,Bible[48],/wiki/Bible,20,Entertainment,Books and book series,30
30,Dracula,/wiki/Dracula,20,Entertainment,Books and book series,30
31,It,/wiki/It_(novel),20,Entertainment,Books and book series,30
0,Mein Kampf,/wiki/Mein_Kampf,21,Entertainment,Science books,1
1,The Art of War,/wiki/The_Art_of_War,13,Entertainment,Science books,2
2,The Prince,/wiki/The_Prince,8.9,Entertainment,Science books,3
3,The Communist Manifesto,/wiki/The_Communist_Manifesto,8.2,Entertainment,Science books,4
4,The 48 Laws of Power,/wiki/The_48_Laws_of_Power,7.5,Entertainment,Science books,5
5,How to Win Friends and Influence People,/wiki/How_to_Win_Friends_and_Influence_People,7.3,Entertainment,Science books,6
6,On the Origin of Species,/wiki/On_the_Origin_of_Species,6.5,Entertainment,Science books,7
7,Leviathan[49],/wiki/Leviathan_(Hobbes_book),6.0,Entertainment,Science books,8
8,The Wealth of Nations,/wiki/The_Wealth_of_Nations,5.9,Entertainment,Science books,9
9,Rich Dad Poor Dad,/wiki/Rich_Dad_Poor_Dad,5.4,Entertainment,Science books,10
10,The 7 Habits of Highly Effective People,/wiki/The_7_Habits_of_Highly_Effective_People,5.3,Entertainment,Science books,11
11,Design Patterns,/wiki/Design_Patterns,5.1,Entertainment,Science books,12
12,Getting Things Done,/wiki/Getting_Things_Done,5.0,Entertainment,Science books,13
13,Outliers,/wiki/Outliers_(book),4.9,Entertainment,Science books,14
14,A Brief History of Time,/wiki/A_Brief_History_of_Time,4.9,Entertainment,Science books,14
15,The Bell Curve,/wiki/The_Bell_Curve,4.9,Entertainment,Science books,14
16,"Guns, Germs, and Steel","/wiki/Guns,_Germs,_and_Steel",4.5,Entertainment,Science books,17
17,The Big Short,/wiki/The_Big_Short,4.4,Entertainment,Science books,18
18,Gray's Anatomy,/wiki/Gray%27s_Anatomy,4.2,Entertainment,Science books,19
19,Silent Spring,/wiki/Silent_Spring,4.2,Entertainment,Science books,19
20,Sapiens: A Brief History of Humankind,/wiki/Sapiens:_A_Brief_History_of_Humankind,4.0,Entertainment,Science books,21
21,Freakonomics,/wiki/Freakonomics,3.9,Entertainment,Science books,22
22,Blue Ocean Strategy,/wiki/Blue_Ocean_Strategy,3.8,Entertainment,Science books,23
23,The Tipping Point,/wiki/The_Tipping_Point,3.6,Entertainment,Science books,24
24,Journey to the Center of the Earth,/wiki/Journey_to_the_Center_of_the_Earth,3.5,Entertainment,Science books,25
25,Das Kapital,/wiki/Das_Kapital,3.5,Entertainment,Science books,25
26,"Men Are from Mars, Women Are from Venus","/wiki/Men_Are_from_Mars,_Women_Are_from_Venus",3.4,Entertainment,Science books,27
27,Think and Grow Rich,/wiki/Think_and_Grow_Rich,3.3,Entertainment,Science books,28
28,Guerrilla marketing,/wiki/Guerrilla_marketing,3.2,Entertainment,Science books,29
29,The World Is Flat,/wiki/The_World_Is_Flat,3.2,Entertainment,Science books,29
30,Who Moved My Cheese?,/wiki/Who_Moved_My_Cheese%3F,3.2,Entertainment,Science books,29
31,Foundations of Geopolitics,/wiki/Foundations_of_Geopolitics,3.2,Entertainment,Science books,29
32,Clash of Civilizations,/wiki/Clash_of_Civilizations,3.2,Entertainment,Science books,29
0,Kama Sutra,/wiki/Kama_Sutra,29,Entertainment,Pre-modern books and texts,1
1,Magna Carta,/wiki/Magna_Carta,27,Entertainment,Pre-modern books and texts,2
2,Inferno (Dante),/wiki/Inferno_(Dante),25,Entertainment,Pre-modern books and texts,3
3,Bible[a],/wiki/Bible,20,Entertainment,Pre-modern books and texts,4
4,Quran,/wiki/Quran,19,Entertainment,Pre-modern books and texts,5
5,Odyssey,/wiki/Odyssey,19,Entertainment,Pre-modern books and texts,5
6,Beowulf,/wiki/Beowulf,18,Entertainment,Pre-modern books and texts,7
7,Rosetta Stone,/wiki/Rosetta_Stone,18,Entertainment,Pre-modern books and texts,7
8,Mahabharata,/wiki/Mahabharata,18,Entertainment,Pre-modern books and texts,7
9,Divine Comedy,/wiki/Divine_Comedy,16,Entertainment,Pre-modern books and texts,10
10,Iliad,/wiki/Iliad,16,Entertainment,Pre-modern books and texts,10
11,Ramayana,/wiki/Ramayana,14,Entertainment,Pre-modern books and texts,12
12,The Art of War,/wiki/The_Art_of_War,13,Entertainment,Pre-modern books and texts,13
13,Epic of Gilgamesh,/wiki/Epic_of_Gilgamesh,13,Entertainment,Pre-modern books and texts,13
14,Vedas,/wiki/Vedas,12,Entertainment,Pre-modern books and texts,15
15,The Canterbury Tales,/wiki/The_Canterbury_Tales,12,Entertainment,Pre-modern books and texts,15
16,One Thousand and One Nights,/wiki/One_Thousand_and_One_Nights,11,Entertainment,Pre-modern books and texts,17
17,Talmud,/wiki/Talmud,10,Entertainment,Pre-modern books and texts,18
18,Code of Hammurabi,/wiki/Code_of_Hammurabi,10,Entertainment,Pre-modern books and texts,18
20,Oedipus the King,/wiki/Oedipus_the_King,7.6,Entertainment,Pre-modern books and texts,20
21,I Ching,/wiki/I_Ching,7.5,Entertainment,Pre-modern books and texts,21
22,Aeneid,/wiki/Aeneid,6.7,Entertainment,Pre-modern books and texts,22
23,Rigveda,/wiki/Rigveda,6.7,Entertainment,Pre-modern books and texts,22
24,Voynich manuscript[c],/wiki/Voynich_manuscript,6.4,Entertainment,Pre-modern books and texts,24
25,Book of the Dead,/wiki/Book_of_the_Dead,6.3,Entertainment,Pre-modern books and texts,25
26,Domesday Book,/wiki/Domesday_Book,6.2,Entertainment,Pre-modern books and texts,26
29,Tao Te Ching,/wiki/Tao_Te_Ching,5.9,Entertainment,Pre-modern books and texts,27
30,Upanishads,/wiki/Upanishads,5.7,Entertainment,Pre-modern books and texts,28
32,Cupid and Psyche,/wiki/Cupid_and_Psyche,4.7,Entertainment,Pre-modern books and texts,29
34,The Decameron,/wiki/The_Decameron,4.0,Entertainment,Pre-modern books and texts,30
0,Darth Vader,/wiki/Darth_Vader,93,Entertainment,Legendary Creatures,1
1,Batman,/wiki/Batman,58,Entertainment,Legendary Creatures,2
2,Spider-Man,/wiki/Spider-Man,44,Entertainment,Legendary Creatures,3
3,Deadpool,/wiki/Deadpool,40,Entertainment,Legendary Creatures,4
4,Iron Man,/wiki/Iron_Man,35,Entertainment,Legendary Creatures,5
5,Captain America,/wiki/Captain_America,34,Entertainment,Legendary Creatures,6
6,Harley Quinn,/wiki/Harley_Quinn,28,Entertainment,Legendary Creatures,7
7,Santa Claus,/wiki/Santa_Claus,27,Entertainment,Legendary Creatures,8
8,God,/wiki/God,25,Entertainment,Legendary Creatures,9
9,Vampire,/wiki/Vampire,24,Entertainment,Legendary Creatures,10
10,Cthulhu,/wiki/Cthulhu,24,Entertainment,Legendary Creatures,10
11,Prometheus,/wiki/Prometheus,24,Entertainment,Legendary Creatures,10
12,Apollo,/wiki/Apollo,24,Entertainment,Legendary Creatures,10
13,Thanos,/wiki/Thanos,24,Entertainment,Legendary Creatures,10
14,Krishna,/wiki/Krishna,24,Entertainment,Legendary Creatures,10
15,Mickey Mouse,/wiki/Mickey_Mouse,24,Entertainment,Legendary Creatures,10
16,Jessica Jones,/wiki/Jessica_Jones,22,Entertainment,Legendary Creatures,17
17,Frankenstein,/wiki/Frankenstein,22,Entertainment,Legendary Creatures,17
18,Doctor Strange,/wiki/Doctor_Strange,22,Entertainment,Legendary Creatures,17
19,Satan,/wiki/Satan,22,Entertainment,Legendary Creatures,17
20,Mario,/wiki/Mario,21,Entertainment,Legendary Creatures,21
21,Thor,/wiki/Thor,20,Entertainment,Legendary Creatures,22
22,Dragon,/wiki/Dragon,20,Entertainment,Legendary Creatures,22
23,Flying Spaghetti Monster,/wiki/Flying_Spaghetti_Monster,20,Entertainment,Legendary Creatures,22
24,Godzilla,/wiki/Godzilla,20,Entertainment,Legendary Creatures,22
25,Lord Voldemort,/wiki/Lord_Voldemort,19,Entertainment,Legendary Creatures,26
26,Chupacabra,/wiki/Chupacabra,19,Entertainment,Legendary Creatures,26
27,Albus Dumbledore,/wiki/Albus_Dumbledore,19,Entertainment,Legendary Creatures,26
28,Luke Cage,/wiki/Luke_Cage,18,Entertainment,Legendary Creatures,29
29,Isis,/wiki/Isis,17,Entertainment,Legendary Creatures,30
30,Doppelgänger,/wiki/Doppelg%C3%A4nger,17,Entertainment,Legendary Creatures,30
31,Carol Danvers,/wiki/Carol_Danvers,17,Entertainment,Legendary Creatures,30
32,Wonder Woman,/wiki/Wonder_Woman,17,Entertainment,Legendary Creatures,30
0,World War II,/wiki/World_War_II,145,Events,,1
1,World War I,/wiki/World_War_I,121,Events,,2
2,September 11 attacks,/wiki/September_11_attacks,94,Events,,3
3,COVID-19 pandemic,/wiki/COVID-19_pandemic,87,Events,,4
4,Chernobyl disaster,/wiki/Chernobyl_disaster,85,Events,,4
5,Vietnam War,/wiki/Vietnam_War,82,Events,,6
6,Titanic,/wiki/Titanic,80,Events,,7
7,American Civil War,/wiki/American_Civil_War,71,Events,,8
8,2018 FIFA World Cup,/wiki/2018_FIFA_World_Cup,66,Events,,9
9,2022 FIFA World Cup,/wiki/2022_FIFA_World_Cup,55,Events,,10
10,Atomic bombings of Hiroshima and Nagasaki,/wiki/Atomic_bombings_of_Hiroshima_and_Nagasaki,54,Events,,11
11,2022 Russian invasion of Ukraine,/wiki/2022_Russian_invasion_of_Ukraine,50,Events,,12
12,Cold War,/wiki/Cold_War,49,Events,,12
13,Black Death,/wiki/Black_Death,48,Events,,14
14,The Holocaust,/wiki/The_Holocaust,47,Events,,15
15,Attack on Pearl Harbor,/wiki/Attack_on_Pearl_Harbor,46,Events,,16
16,Korean War,/wiki/Korean_War,45,Events,,17
17,2020 United States presidential election,/wiki/2020_United_States_presidential_election,44,Events,,18
18,2014 FIFA World Cup,/wiki/2014_FIFA_World_Cup,44,Events,,18
19,Columbine High School massacre,/wiki/Columbine_High_School_massacre,41,Events,,20
20,French Revolution,/wiki/French_Revolution,39,Events,,21
21,Great Depression,/wiki/Great_Depression,38,Events,,22
22,2020 Summer Olympics,/wiki/2020_Summer_Olympics,36,Events,,23
23,2010 FIFA World Cup,/wiki/2010_FIFA_World_Cup,35,Events,,24
24,Industrial Revolution,/wiki/Industrial_Revolution,34,Events,,25
25,2016 Summer Olympics,/wiki/2016_Summer_Olympics,34,Events,,25
26,Hurricane Katrina,/wiki/Hurricane_Katrina,34,Events,,25
27,American Revolutionary War,/wiki/American_Revolutionary_War,33,Events,,28
28,2016 United States presidential election,/wiki/2016_United_States_presidential_election,32,Events,,29
29,UEFA Euro 2020,/wiki/UEFA_Euro_2020,31,Events,,30
30,Syrian civil war,/wiki/Syrian_civil_war,31,Events,,30
31,2012 Summer Olympics,/wiki/2012_Summer_Olympics,30,Events,,32
32,Normandy landings,/wiki/Normandy_landings,30,Events,,32
33,Gulf War,/wiki/Gulf_War,30,Events,,32
34,Iraq War,/wiki/Iraq_War,29,Events,,35
35,Spanish flu,/wiki/Spanish_flu,29,Events,,35
36,Big Bang,/wiki/Big_Bang,29,Events,,35
0,Presidents of the United States,/wiki/List_of_presidents_of_the_United_States,104,Lists,,1
1,Highest-grossing films,/wiki/List_of_highest-grossing_films,101,Lists,,2
2,Marvel Cinematic Universe films,/wiki/List_of_Marvel_Cinematic_Universe_films,95,Lists,,3
3,Game of Thrones episodes,/wiki/List_of_Game_of_Thrones_episodes,61,Lists,,4
4,Super Bowl champions,/wiki/List_of_Super_Bowl_champions,60,Lists,,5
5, Countries by GDP (nominal),/wiki/List_of_countries_by_GDP_(nominal),59,Lists,,6
6,United States cities by population,/wiki/List_of_United_States_cities_by_population,57,Lists,,7
7,The Big Bang Theory episodes,/wiki/List_of_The_Big_Bang_Theory_episodes,54,Lists,,8
8,UFC events,/wiki/List_of_UFC_events,51,Lists,,9
9,Doctor Who serials,/wiki/List_of_Doctor_Who_serials,51,Lists,,9
10,Highest-grossing Indian films,/wiki/List_of_highest-grossing_Indian_films,47,Lists,,11
11,How I Met Your Mother episodes,/wiki/List_of_How_I_Met_Your_Mother_episodes,46,Lists,,12
12,Running Man episodes,/wiki/List_of_Running_Man_episodes,45,Lists,,12
13,Family Guy episodes,/wiki/List_of_Family_Guy_episodes,44,Lists,,14
14,South Park episodes,/wiki/List_of_South_Park_episodes,44,Lists,,14
15,The Walking Dead episodes,/wiki/List_of_The_Walking_Dead_episodes,44,Lists,,14
16,Top Gear episodes,/wiki/List_of_Top_Gear_episodes,40,Lists,,17
17,Glee episodes,/wiki/List_of_Glee_episodes,40,Lists,,17
18,Countries by GDP (PPP) per capita,/wiki/List_of_countries_by_GDP_(PPP)_per_capita,39,Lists,,19
19,Arrow episodes,/wiki/List_of_Arrow_episodes,38,Lists,,20
20,TCP and UDP port numbers,/wiki/List_of_TCP_and_UDP_port_numbers,37,Lists,,21
21,James Bond films,/wiki/List_of_James_Bond_films,36,Lists,,22
22,HTTP status codes,/wiki/List_of_HTTP_status_codes,35,Lists,,23
23,Steven Universe episodes,/wiki/List_of_Steven_Universe_episodes,35,Lists,,23
24,Walt Disney Pictures films,/wiki/List_of_Walt_Disney_Pictures_films,34,Lists,,25
25,States and territories of the United States,/wiki/List_of_states_and_territories_of_the_United_States,33,Lists,,26
26,Suits episodes,/wiki/List_of_Suits_episodes,32,Lists,,27
27,NBA champions,/wiki/List_of_NBA_champions,30,Lists,,28
28,Pornographic actresses by decade,/wiki/List_of_pornographic_actresses_by_decade,30,Lists,,28
29,Best-selling music artists,/wiki/List_of_best-selling_music_artists,29,Lists,,30
